IID	PRS	Risk_Group	pop	super_pop	gender
HG00096	-3.851496599999999	Low	GBR	EUR	male
HG00097	-1.3640841600000002	Intermediate	GBR	EUR	female
HG00099	-2.91485358	Intermediate	GBR	EUR	female
HG00100	-2.5145752000000003	Intermediate	GBR	EUR	female
HG00101	-2.3782214000000006	Intermediate	GBR	EUR	male
HG00102	-2.9480659	Intermediate	GBR	EUR	female
HG00103	-4.0950108300000005	Low	GBR	EUR	male
HG00105	-1.6186687	Intermediate	GBR	EUR	male
HG00106	-3.809738199999999	Low	GBR	EUR	female
HG00107	0.1106843000000003	High	GBR	EUR	male
HG00108	-3.4713746000000003	Intermediate	GBR	EUR	male
HG00109	-2.428107	Intermediate	GBR	EUR	male
HG00110	-5.118722	Low	GBR	EUR	female
HG00111	-2.4867582	Intermediate	GBR	EUR	female
HG00112	-3.796778310000001	Low	GBR	EUR	male
HG00113	-2.483234700000001	Intermediate	GBR	EUR	male
HG00114	-2.6271183000000007	Intermediate	GBR	EUR	male
HG00115	-3.2418409999999995	Intermediate	GBR	EUR	male
HG00116	-2.3290005	Intermediate	GBR	EUR	male
HG00117	-2.6924787	Intermediate	GBR	EUR	male
HG00118	0.1672616999999999	High	GBR	EUR	female
HG00119	-3.1246737	Intermediate	GBR	EUR	male
HG00120	-1.5550303000000008	Intermediate	GBR	EUR	female
HG00121	-1.3714684000000006	Intermediate	GBR	EUR	female
HG00122	-2.5468642000000004	Intermediate	GBR	EUR	female
HG00123	-3.7715637	Low	GBR	EUR	female
HG00125	-4.616841099999999	Low	GBR	EUR	female
HG00126	-4.809021410000002	Low	GBR	EUR	male
HG00127	-2.64122919	Intermediate	GBR	EUR	female
HG00128	-3.7799174	Low	GBR	EUR	female
HG00129	-4.0720573	Low	GBR	EUR	male
HG00130	-3.74249455	Low	GBR	EUR	female
HG00131	-3.8491141	Low	GBR	EUR	male
HG00132	-4.433039314000001	Low	GBR	EUR	female
HG00133	-3.4657197	Intermediate	GBR	EUR	female
HG00136	-4.514764999999999	Low	GBR	EUR	male
HG00137	-1.9127326	Intermediate	GBR	EUR	female
HG00138	-4.2432659	Low	GBR	EUR	male
HG00139	-4.891581400000001	Low	GBR	EUR	male
HG00140	-4.0749272	Low	GBR	EUR	male
HG00141	-3.032316399999999	Intermediate	GBR	EUR	male
HG00142	-4.2258622	Low	GBR	EUR	male
HG00143	-2.230057399999999	Intermediate	GBR	EUR	male
HG00145	-1.4037658999999991	Intermediate	GBR	EUR	male
HG00146	-2.5974941	Intermediate	GBR	EUR	female
HG00148	-3.7844093	Low	GBR	EUR	male
HG00149	-4.1228492	Low	GBR	EUR	male
HG00150	-3.5565504000000003	Intermediate	GBR	EUR	female
HG00151	-2.3196333000000005	Intermediate	GBR	EUR	male
HG00154	-4.115592600000001	Low	GBR	EUR	female
HG00155	-3.70085212	Low	GBR	EUR	male
HG00157	-0.5639373000000003	High	GBR	EUR	male
HG00158	-2.8251984	Intermediate	GBR	EUR	female
HG00159	-2.7823221999999985	Intermediate	GBR	EUR	male
HG00160	-3.6608481	Low	GBR	EUR	male
HG00171	-5.222117099999999	Low	FIN	EUR	female
HG00173	-3.6252442	Low	FIN	EUR	female
HG00174	-4.507530100000001	Low	FIN	EUR	female
HG00176	-2.5189888	Intermediate	FIN	EUR	female
HG00177	-4.6639964	Low	FIN	EUR	female
HG00178	-2.0562286999999992	Intermediate	FIN	EUR	female
HG00179	-2.8890341000000004	Intermediate	FIN	EUR	female
HG00180	-4.945639900000002	Low	FIN	EUR	female
HG00181	-2.1945778000000007	Intermediate	FIN	EUR	male
HG00182	-3.4425688000000005	Intermediate	FIN	EUR	male
HG00183	-4.52759047	Low	FIN	EUR	male
HG00185	-3.189291999999999	Intermediate	FIN	EUR	male
HG00186	-3.98709092	Low	FIN	EUR	male
HG00187	-3.089930900000001	Intermediate	FIN	EUR	male
HG00188	-4.6351195	Low	FIN	EUR	male
HG00189	-3.326067500000001	Intermediate	FIN	EUR	male
HG00190	-2.6576993	Intermediate	FIN	EUR	male
HG00231	-2.7004388	Intermediate	GBR	EUR	female
HG00232	-1.6037310000000002	Intermediate	GBR	EUR	female
HG00233	-2.71405311	Intermediate	GBR	EUR	female
HG00234	-2.3984787	Intermediate	GBR	EUR	male
HG00235	-2.162144399999999	Intermediate	GBR	EUR	female
HG00236	-0.9456718000000004	High	GBR	EUR	female
HG00237	-2.5508429999999995	Intermediate	GBR	EUR	female
HG00238	-2.181901600000001	Intermediate	GBR	EUR	female
HG00239	-2.7837097	Intermediate	GBR	EUR	female
HG00240	-3.982052	Low	GBR	EUR	female
HG00242	-3.6687194	Low	GBR	EUR	male
HG00243	-1.207308500000001	High	GBR	EUR	male
HG00244	-3.2709453000000006	Intermediate	GBR	EUR	male
HG00245	-3.7109635	Low	GBR	EUR	female
HG00246	-4.766495529999999	Low	GBR	EUR	male
HG00250	-3.1633694	Intermediate	GBR	EUR	female
HG00251	-4.695035200000001	Low	GBR	EUR	male
HG00252	-2.7746703000000004	Intermediate	GBR	EUR	male
HG00253	-2.38117677	Intermediate	GBR	EUR	female
HG00254	-2.559619	Intermediate	GBR	EUR	female
HG00255	-3.7877007000000007	Low	GBR	EUR	female
HG00256	-3.6155904	Low	GBR	EUR	male
HG00257	-2.918612099999999	Intermediate	GBR	EUR	female
HG00258	-3.74931622	Low	GBR	EUR	female
HG00259	-3.137475299999999	Intermediate	GBR	EUR	female
HG00260	-2.7346225099999995	Intermediate	GBR	EUR	male
HG00261	-3.885430500000001	Low	GBR	EUR	female
HG00262	-4.446992190000001	Low	GBR	EUR	female
HG00263	-2.1985676999999995	Intermediate	GBR	EUR	female
HG00264	-3.219679	Intermediate	GBR	EUR	male
HG00265	-3.2803321	Intermediate	GBR	EUR	male
HG00266	-4.3712451	Low	FIN	EUR	female
HG00267	-3.520835299999999	Intermediate	FIN	EUR	male
HG00268	-0.4155006	High	FIN	EUR	female
HG00269	-4.7583667	Low	FIN	EUR	female
HG00271	-1.0528529700000004	High	FIN	EUR	male
HG00272	-4.514276300000001	Low	FIN	EUR	female
HG00273	-4.999895	Low	FIN	EUR	male
HG00274	-3.6453000000000007	Low	FIN	EUR	female
HG00275	-0.5936430999999993	High	FIN	EUR	female
HG00276	-3.5818635	Low	FIN	EUR	female
HG00277	-2.8343533999999995	Intermediate	FIN	EUR	male
HG00278	-4.23419	Low	FIN	EUR	male
HG00280	-3.847073000000001	Low	FIN	EUR	male
HG00281	-4.3557715	Low	FIN	EUR	female
HG00282	-1.2467304	High	FIN	EUR	female
HG00284	-4.07331795	Low	FIN	EUR	male
HG00285	-5.361912600000001	Low	FIN	EUR	female
HG00288	-4.465284	Low	FIN	EUR	female
HG00290	-4.2700937	Low	FIN	EUR	male
HG00304	-3.5417858	Intermediate	FIN	EUR	female
HG00306	-4.1970405	Low	FIN	EUR	female
HG00308	-3.6041003	Low	FIN	EUR	male
HG00309	-6.102612939999999	Low	FIN	EUR	female
HG00310	-1.1242699	High	FIN	EUR	male
HG00311	-2.74178358	Intermediate	FIN	EUR	male
HG00313	-3.218112800000001	Intermediate	FIN	EUR	female
HG00315	-5.6923935000000006	Low	FIN	EUR	female
HG00318	-2.428269200000001	Intermediate	FIN	EUR	female
HG00319	-2.387529700000001	Intermediate	FIN	EUR	female
HG00320	-4.2051286	Low	FIN	EUR	female
HG00321	-3.5192797	Intermediate	FIN	EUR	male
HG00323	-2.3224081	Intermediate	FIN	EUR	female
HG00324	-4.5779415000000006	Low	FIN	EUR	female
HG00325	-3.6454915	Low	FIN	EUR	male
HG00326	-5.05192669	Low	FIN	EUR	female
HG00327	-3.089079	Intermediate	FIN	EUR	female
HG00328	-6.385442579999999	Low	FIN	EUR	female
HG00329	-2.891672200000001	Intermediate	FIN	EUR	male
HG00330	-1.7226880999999992	Intermediate	FIN	EUR	female
HG00331	-3.92613025	Low	FIN	EUR	female
HG00332	-2.735199	Intermediate	FIN	EUR	female
HG00334	-4.0541711	Low	FIN	EUR	female
HG00335	-3.6048036	Low	FIN	EUR	male
HG00336	-2.1237961999999992	Intermediate	FIN	EUR	male
HG00337	-2.9957844	Intermediate	FIN	EUR	female
HG00338	-3.600228000000001	Low	FIN	EUR	male
HG00339	-3.069373	Intermediate	FIN	EUR	female
HG00341	-2.4310892000000006	Intermediate	FIN	EUR	male
HG00342	-4.728396999999999	Low	FIN	EUR	male
HG00343	-3.9957557	Low	FIN	EUR	female
HG00344	-1.602199699999999	Intermediate	FIN	EUR	female
HG00345	-2.972226875	Intermediate	FIN	EUR	male
HG00346	-1.11341402	High	FIN	EUR	female
HG00349	-4.0485098	Low	FIN	EUR	female
HG00350	-3.813888400000001	Low	FIN	EUR	female
HG00351	-2.437437	Intermediate	FIN	EUR	male
HG00353	-1.4024111	Intermediate	FIN	EUR	female
HG00355	-3.8634402	Low	FIN	EUR	female
HG00356	-3.8052546	Low	FIN	EUR	female
HG00357	-3.3882466	Intermediate	FIN	EUR	female
HG00358	-2.8879862499999995	Intermediate	FIN	EUR	male
HG00360	-2.6978249	Intermediate	FIN	EUR	male
HG00361	-2.5959226	Intermediate	FIN	EUR	female
HG00362	-4.076887200000001	Low	FIN	EUR	female
HG00364	-4.011643899999999	Low	FIN	EUR	female
HG00365	-3.517560256	Intermediate	FIN	EUR	female
HG00366	-3.6088462	Low	FIN	EUR	male
HG00367	-4.48096694	Low	FIN	EUR	female
HG00368	-4.6220083	Low	FIN	EUR	female
HG00369	-3.5385577	Intermediate	FIN	EUR	male
HG00371	-3.6202484	Low	FIN	EUR	male
HG00372	-4.434601499999999	Low	FIN	EUR	male
HG00373	-4.494199500000001	Low	FIN	EUR	female
HG00375	-3.2453042999999995	Intermediate	FIN	EUR	male
HG00376	-4.836775742	Low	FIN	EUR	female
HG00378	-3.4075033999999995	Intermediate	FIN	EUR	female
HG00379	-4.2916041	Low	FIN	EUR	female
HG00380	-3.8310495	Low	FIN	EUR	female
HG00381	-5.0141670000000005	Low	FIN	EUR	female
HG00382	-0.0218629999999998	High	FIN	EUR	male
HG00383	-3.548989999999999	Intermediate	FIN	EUR	female
HG00384	-5.3755289	Low	FIN	EUR	female
HG00403	-2.8515039	Intermediate	CHS	EAS	male
HG00404	-4.2195488	Low	CHS	EAS	female
HG00406	-2.9065392	Intermediate	CHS	EAS	male
HG00407	-1.8592944	Intermediate	CHS	EAS	female
HG00409	-3.24623555	Intermediate	CHS	EAS	male
HG00410	-3.0456471999999994	Intermediate	CHS	EAS	female
HG00419	-3.1916892699999995	Intermediate	CHS	EAS	female
HG00421	-4.4038643	Low	CHS	EAS	male
HG00422	-4.499335200000001	Low	CHS	EAS	female
HG00428	-3.4315914000000003	Intermediate	CHS	EAS	female
HG00436	-4.49902896	Low	CHS	EAS	male
HG00437	-2.1204065	Intermediate	CHS	EAS	female
HG00442	-2.5992784	Intermediate	CHS	EAS	male
HG00443	-3.5982140100000004	Low	CHS	EAS	female
HG00445	-3.0807348	Intermediate	CHS	EAS	male
HG00446	-2.3701324	Intermediate	CHS	EAS	female
HG00448	-2.4832130560000003	Intermediate	CHS	EAS	male
HG00449	-2.9896096000000005	Intermediate	CHS	EAS	female
HG00451	-3.9657275	Low	CHS	EAS	male
HG00452	-3.2423847	Intermediate	CHS	EAS	female
HG00457	-2.2184306299999994	Intermediate	CHS	EAS	male
HG00458	-4.1625044	Low	CHS	EAS	female
HG00463	-3.5444305	Intermediate	CHS	EAS	male
HG00464	-2.2219984	Intermediate	CHS	EAS	female
HG00472	-2.67595959	Intermediate	CHS	EAS	male
HG00473	-2.866735299999999	Intermediate	CHS	EAS	female
HG00475	-2.9947752	Intermediate	CHS	EAS	male
HG00476	-3.1062749000000007	Intermediate	CHS	EAS	female
HG00478	-2.3279611999999994	Intermediate	CHS	EAS	male
HG00479	-3.500209	Intermediate	CHS	EAS	female
HG00500	-3.5173389	Intermediate	CHS	EAS	male
HG00513	-3.6755619900000007	Low	CHS	EAS	female
HG00524	-4.41571456	Low	CHS	EAS	male
HG00525	-3.290426299999999	Intermediate	CHS	EAS	female
HG00530	-3.2111029	Intermediate	CHS	EAS	male
HG00531	-3.589544699999999	Low	CHS	EAS	female
HG00533	-3.1629536	Intermediate	CHS	EAS	male
HG00534	-2.5886800000000005	Intermediate	CHS	EAS	female
HG00536	-3.50005524	Intermediate	CHS	EAS	male
HG00537	-3.381506800000001	Intermediate	CHS	EAS	female
HG00542	-3.375175876000001	Intermediate	CHS	EAS	male
HG00543	-3.5585570599999987	Intermediate	CHS	EAS	female
HG00551	-2.279311769999999	Intermediate	PUR	AMR	female
HG00553	-2.582657980000001	Intermediate	PUR	AMR	male
HG00554	-2.3907652000000006	Intermediate	PUR	AMR	female
HG00556	-4.08695533	Low	CHS	EAS	male
HG00557	-2.5705787	Intermediate	CHS	EAS	female
HG00559	-2.41265992	Intermediate	CHS	EAS	male
HG00560	-2.4958434000000005	Intermediate	CHS	EAS	female
HG00565	-3.0059825	Intermediate	CHS	EAS	male
HG00566	-2.5987586299999994	Intermediate	CHS	EAS	female
HG00580	-3.8175633000000007	Low	CHS	EAS	male
HG00581	-4.471178899999999	Low	CHS	EAS	female
HG00583	-3.1404745200000006	Intermediate	CHS	EAS	male
HG00584	-2.5995801999999992	Intermediate	CHS	EAS	female
HG00589	-2.872247599999999	Intermediate	CHS	EAS	male
HG00590	-2.7486424	Intermediate	CHS	EAS	female
HG00592	-3.493322500000001	Intermediate	CHS	EAS	male
HG00593	-2.2736417399999995	Intermediate	CHS	EAS	female
HG00595	-1.9067736000000008	Intermediate	CHS	EAS	male
HG00596	-2.0516076	Intermediate	CHS	EAS	female
HG00598	-3.3263894000000005	Intermediate	CHS	EAS	male
HG00599	-3.4955538199999987	Intermediate	CHS	EAS	female
HG00607	-1.88249756	Intermediate	CHS	EAS	male
HG00608	-4.1178287000000005	Low	CHS	EAS	female
HG00610	-3.03787318	Intermediate	CHS	EAS	male
HG00611	-2.98923895	Intermediate	CHS	EAS	female
HG00613	-2.860894000000001	Intermediate	CHS	EAS	male
HG00614	-2.7954497	Intermediate	CHS	EAS	female
HG00619	-3.7136005	Low	CHS	EAS	male
HG00620	-2.3994803000000005	Intermediate	CHS	EAS	female
HG00622	-2.9467254	Intermediate	CHS	EAS	male
HG00623	-4.1512511	Low	CHS	EAS	female
HG00625	-1.5491194000000004	Intermediate	CHS	EAS	male
HG00626	-2.42316451	Intermediate	CHS	EAS	female
HG00628	-3.0349920000000004	Intermediate	CHS	EAS	male
HG00629	-4.629238699999999	Low	CHS	EAS	female
HG00631	-2.70363817	Intermediate	CHS	EAS	male
HG00632	-1.6510199200000004	Intermediate	CHS	EAS	female
HG00634	-1.8856436	Intermediate	CHS	EAS	male
HG00637	-4.03464231	Low	PUR	AMR	male
HG00638	-4.375664899999999	Low	PUR	AMR	female
HG00640	-3.5659652000000004	Low	PUR	AMR	male
HG00641	-1.137513800000001	High	PUR	AMR	female
HG00650	-4.016381328	Low	CHS	EAS	male
HG00651	-2.8851834000000003	Intermediate	CHS	EAS	female
HG00653	-2.24165011	Intermediate	CHS	EAS	male
HG00654	-0.7209831999999999	High	CHS	EAS	female
HG00656	-3.1320404000000006	Intermediate	CHS	EAS	male
HG00657	-2.8643302000000004	Intermediate	CHS	EAS	female
HG00662	-3.4905302000000007	Intermediate	CHS	EAS	male
HG00663	-1.4441124000000003	Intermediate	CHS	EAS	female
HG00671	-2.8436083	Intermediate	CHS	EAS	male
HG00672	-3.2897575	Intermediate	CHS	EAS	female
HG00674	-4.5153024	Low	CHS	EAS	male
HG00675	-2.1727672	Intermediate	CHS	EAS	female
HG00683	-3.5732548800000004	Low	CHS	EAS	male
HG00684	-2.7433119999999995	Intermediate	CHS	EAS	female
HG00689	-3.5715890000000003	Low	CHS	EAS	male
HG00690	-2.1641925199999994	Intermediate	CHS	EAS	female
HG00692	-2.7704341	Intermediate	CHS	EAS	male
HG00693	-3.2392721	Intermediate	CHS	EAS	female
HG00698	-2.591108	Intermediate	CHS	EAS	male
HG00699	-2.2235196000000004	Intermediate	CHS	EAS	female
HG00701	-2.144158100000001	Intermediate	CHS	EAS	male
HG00704	-2.01884871	Intermediate	CHS	EAS	male
HG00705	-2.6495963499999995	Intermediate	CHS	EAS	female
HG00707	-2.1853033	Intermediate	CHS	EAS	male
HG00708	-3.4715156	Intermediate	CHS	EAS	female
HG00717	-3.04981089	Intermediate	CHS	EAS	female
HG00728	-1.6289333	Intermediate	CHS	EAS	male
HG00729	-3.9307975	Low	CHS	EAS	female
HG00731	-4.044690071000001	Low	PUR	AMR	male
HG00732	-2.0207431000000007	Intermediate	PUR	AMR	female
HG00734	-2.003598	Intermediate	PUR	AMR	female
HG00736	-3.2470753	Intermediate	PUR	AMR	male
HG00737	-3.1523093	Intermediate	PUR	AMR	female
HG00739	-4.120219	Low	PUR	AMR	male
HG00740	-4.4696017	Low	PUR	AMR	female
HG00742	-3.38690765	Intermediate	PUR	AMR	male
HG00743	-3.6057496	Low	PUR	AMR	female
HG00759	-2.6730263	Intermediate	CDX	EAS	female
HG00766	-2.25659378	Intermediate	CDX	EAS	female
HG00844	-4.57603027	Low	CDX	EAS	male
HG00851	-1.7945019000000004	Intermediate	CDX	EAS	female
HG00864	-3.0061563	Intermediate	CDX	EAS	female
HG00867	-2.6986837999999995	Intermediate	CDX	EAS	female
HG00879	-4.669199199999999	Low	CDX	EAS	female
HG00881	-4.283186300000001	Low	CDX	EAS	male
HG00956	-3.3614317	Intermediate	CDX	EAS	female
HG00978	-2.9288781000000013	Intermediate	CDX	EAS	female
HG00982	-1.6646511999999996	Intermediate	CDX	EAS	male
HG01028	-2.0639543	Intermediate	CDX	EAS	male
HG01029	-3.29116349	Intermediate	CDX	EAS	female
HG01031	-1.6763735000000004	Intermediate	CDX	EAS	male
HG01046	-2.7564575200000005	Intermediate	CDX	EAS	female
HG01047	-3.3214292	Intermediate	PUR	AMR	male
HG01048	-3.0877055	Intermediate	PUR	AMR	male
HG01049	-0.733444	High	PUR	AMR	female
HG01051	-2.0699879	Intermediate	PUR	AMR	male
HG01052	-1.8266243	Intermediate	PUR	AMR	female
HG01054	-2.46519723	Intermediate	PUR	AMR	male
HG01055	-3.5119113000000013	Intermediate	PUR	AMR	female
HG01058	-2.8791975999999995	Intermediate	PUR	AMR	female
HG01060	-2.904871500000001	Intermediate	PUR	AMR	male
HG01061	-3.22784	Intermediate	PUR	AMR	female
HG01063	-2.8061976	Intermediate	PUR	AMR	male
HG01064	-1.8581351	Intermediate	PUR	AMR	female
HG01066	-3.441121199999999	Intermediate	PUR	AMR	male
HG01067	-4.3277688	Low	PUR	AMR	female
HG01069	-2.3936009000000005	Intermediate	PUR	AMR	male
HG01070	-2.8246174	Intermediate	PUR	AMR	female
HG01072	-1.0569694799999996	High	PUR	AMR	male
HG01073	-3.272943	Intermediate	PUR	AMR	female
HG01075	-2.6141163	Intermediate	PUR	AMR	male
HG01077	-3.1893221	Intermediate	PUR	AMR	female
HG01079	-3.6775990000000007	Low	PUR	AMR	male
HG01080	-0.4106252000000002	High	PUR	AMR	female
HG01082	-3.3195206000000006	Intermediate	PUR	AMR	male
HG01083	-3.995996500000001	Low	PUR	AMR	female
HG01085	-4.1772121	Low	PUR	AMR	male
HG01086	-2.6938673	Intermediate	PUR	AMR	female
HG01088	-3.6777105	Low	PUR	AMR	male
HG01089	-4.620346100000001	Low	PUR	AMR	female
HG01092	-2.7757823000000004	Intermediate	PUR	AMR	female
HG01094	-3.6908841	Low	PUR	AMR	male
HG01095	-2.945844364200001	Intermediate	PUR	AMR	female
HG01097	-1.9237824	Intermediate	PUR	AMR	male
HG01098	-2.4377942000000004	Intermediate	PUR	AMR	female
HG01101	-4.084949	Low	PUR	AMR	male
HG01102	-2.0341127	Intermediate	PUR	AMR	female
HG01104	-2.121004799999999	Intermediate	PUR	AMR	male
HG01105	-3.1328273000000006	Intermediate	PUR	AMR	female
HG01107	-2.8573722	Intermediate	PUR	AMR	male
HG01108	-3.2739768	Intermediate	PUR	AMR	female
HG01110	-1.8117815000000008	Intermediate	PUR	AMR	male
HG01111	-2.8330015000000004	Intermediate	PUR	AMR	female
HG01112	-4.0525935	Low	CLM	AMR	male
HG01113	-2.94726743	Intermediate	CLM	AMR	female
HG01119	-2.3559286000000004	Intermediate	CLM	AMR	female
HG01121	-3.3405087870000005	Intermediate	CLM	AMR	male
HG01122	-1.6248308	Intermediate	CLM	AMR	female
HG01124	-3.0180838	Intermediate	CLM	AMR	male
HG01125	-3.2773345000000003	Intermediate	CLM	AMR	female
HG01130	-2.1929332	Intermediate	CLM	AMR	male
HG01131	-2.080143600000001	Intermediate	CLM	AMR	female
HG01133	-4.166010399999999	Low	CLM	AMR	male
HG01134	-3.1142773000000004	Intermediate	CLM	AMR	female
HG01136	-3.3054280999999994	Intermediate	CLM	AMR	male
HG01137	-1.0418881400000006	High	CLM	AMR	female
HG01139	-2.6191799	Intermediate	CLM	AMR	male
HG01140	-2.6421898000000006	Intermediate	CLM	AMR	female
HG01142	1.1287029000000004	High	CLM	AMR	male
HG01148	-2.4319468000000004	Intermediate	CLM	AMR	male
HG01149	-4.200530000000001	Low	CLM	AMR	female
HG01161	-3.328380000000001	Intermediate	PUR	AMR	male
HG01162	-4.209406550000001	Low	PUR	AMR	female
HG01164	-2.441661085	Intermediate	PUR	AMR	male
HG01167	-1.5992233999999996	Intermediate	PUR	AMR	male
HG01168	-3.2822663080000005	Intermediate	PUR	AMR	female
HG01170	-3.360890200000001	Intermediate	PUR	AMR	male
HG01171	-3.375306039999999	Intermediate	PUR	AMR	female
HG01173	-0.6279787000000011	High	PUR	AMR	male
HG01174	-3.47350323	Intermediate	PUR	AMR	female
HG01176	-3.2608598000000004	Intermediate	PUR	AMR	male
HG01177	-3.654958399999999	Low	PUR	AMR	female
HG01182	-3.5474551	Intermediate	PUR	AMR	male
HG01183	-2.568335600000001	Intermediate	PUR	AMR	female
HG01187	-2.8603280800000004	Intermediate	PUR	AMR	male
HG01188	-4.396346299999999	Low	PUR	AMR	female
HG01190	-2.3448294000000014	Intermediate	PUR	AMR	male
HG01191	-1.4247409999999991	Intermediate	PUR	AMR	female
HG01197	-3.335437499999999	Intermediate	PUR	AMR	male
HG01198	-3.4625245	Intermediate	PUR	AMR	female
HG01200	-3.5694721	Low	PUR	AMR	male
HG01204	-3.98975022	Low	PUR	AMR	male
HG01205	-2.7673734200000006	Intermediate	PUR	AMR	female
HG01241	0.1496176999999998	High	PUR	AMR	male
HG01242	-2.4631821000000005	Intermediate	PUR	AMR	female
HG01247	-2.53603169	Intermediate	PUR	AMR	male
HG01248	-3.856240400000001	Low	PUR	AMR	female
HG01250	-4.039963300000001	Low	CLM	AMR	male
HG01251	-3.8783674000000015	Low	CLM	AMR	female
HG01253	-2.962832100000001	Intermediate	CLM	AMR	male
HG01254	-3.1768494999999994	Intermediate	CLM	AMR	female
HG01256	-3.1685127	Intermediate	CLM	AMR	male
HG01257	-2.30467623	Intermediate	CLM	AMR	female
HG01259	-3.673250199999999	Low	CLM	AMR	male
HG01260	-3.674921999999999	Low	CLM	AMR	female
HG01269	-3.0518755	Intermediate	CLM	AMR	female
HG01271	-3.7311764	Low	CLM	AMR	male
HG01272	-2.2098150000000003	Intermediate	CLM	AMR	female
HG01275	-1.0130900100000004	High	CLM	AMR	female
HG01277	-4.469866999999998	Low	CLM	AMR	male
HG01280	-1.2670312799999994	High	CLM	AMR	male
HG01281	-3.823609	Low	CLM	AMR	female
HG01284	-0.7007771300000001	High	CLM	AMR	female
HG01286	-2.02369634	Intermediate	PUR	AMR	male
HG01302	-3.08617629	Intermediate	PUR	AMR	male
HG01303	-2.7124602	Intermediate	PUR	AMR	female
HG01305	-2.3645405	Intermediate	PUR	AMR	male
HG01308	-1.7366541999999998	Intermediate	PUR	AMR	male
HG01311	-0.3361475999999999	High	PUR	AMR	male
HG01312	-2.0644313000000007	Intermediate	PUR	AMR	female
HG01323	-3.7134988	Low	PUR	AMR	female
HG01325	-2.7707134000000004	Intermediate	PUR	AMR	male
HG01326	-3.253826	Intermediate	PUR	AMR	female
HG01334	-4.186902700000001	Low	GBR	EUR	male
HG01341	-3.1571328	Intermediate	CLM	AMR	male
HG01342	-2.1270673	Intermediate	CLM	AMR	female
HG01344	-4.12510926	Low	CLM	AMR	male
HG01345	-2.3326389400000007	Intermediate	CLM	AMR	female
HG01348	-3.875295	Low	CLM	AMR	female
HG01350	-4.284097999999999	Low	CLM	AMR	male
HG01351	-3.53106297	Intermediate	CLM	AMR	female
HG01353	-3.5030052000000005	Intermediate	CLM	AMR	male
HG01354	-3.1040905	Intermediate	CLM	AMR	female
HG01356	-3.389139299999999	Intermediate	CLM	AMR	male
HG01357	-3.3996727999999994	Intermediate	CLM	AMR	female
HG01359	-2.2011895000000004	Intermediate	CLM	AMR	male
HG01360	-3.350416	Intermediate	CLM	AMR	female
HG01362	-2.96102712	Intermediate	CLM	AMR	male
HG01363	-3.56938548	Low	CLM	AMR	female
HG01365	-3.3429883000000005	Intermediate	CLM	AMR	male
HG01366	-3.4859637	Intermediate	CLM	AMR	female
HG01369	-1.1349730000000002	High	CLM	AMR	female
HG01372	-3.1994188	Intermediate	CLM	AMR	female
HG01374	-2.8265499000000003	Intermediate	CLM	AMR	male
HG01375	-2.9703309000000013	Intermediate	CLM	AMR	female
HG01377	-3.4161131	Intermediate	CLM	AMR	male
HG01378	-4.096372099999999	Low	CLM	AMR	female
HG01383	-3.9558056	Low	CLM	AMR	male
HG01384	-3.170645689	Intermediate	CLM	AMR	female
HG01389	-4.0443695	Low	CLM	AMR	male
HG01390	-2.6927071000000007	Intermediate	CLM	AMR	female
HG01392	-2.8935451	Intermediate	PUR	AMR	male
HG01393	-1.71626974	Intermediate	PUR	AMR	female
HG01395	-3.284542	Intermediate	PUR	AMR	male
HG01396	-3.774726100000001	Low	PUR	AMR	female
HG01398	-1.7123082999999997	Intermediate	PUR	AMR	male
HG01402	-1.6359863999999995	Intermediate	PUR	AMR	male
HG01403	-2.2867658	Intermediate	PUR	AMR	female
HG01405	-2.9859054999999994	Intermediate	PUR	AMR	male
HG01412	-2.996003199999999	Intermediate	PUR	AMR	male
HG01413	-2.9996609000000003	Intermediate	PUR	AMR	male
HG01414	-3.8260851	Low	PUR	AMR	female
HG01431	-3.7005792999999993	Low	CLM	AMR	male
HG01432	-4.4733978	Low	CLM	AMR	female
HG01435	-3.9628805000000007	Low	CLM	AMR	female
HG01437	-1.3092928000000008	Intermediate	CLM	AMR	male
HG01438	-1.9375506	Intermediate	CLM	AMR	female
HG01440	-2.7605803000000004	Intermediate	CLM	AMR	male
HG01441	-3.5565693999999994	Intermediate	CLM	AMR	female
HG01443	-3.3308821	Intermediate	CLM	AMR	male
HG01444	-3.523495	Intermediate	CLM	AMR	female
HG01447	-2.4295450000000005	Intermediate	CLM	AMR	female
HG01455	-4.1448585	Low	CLM	AMR	male
HG01456	-2.0581730799999995	Intermediate	CLM	AMR	female
HG01459	-4.601859200000001	Low	CLM	AMR	female
HG01461	-2.3706758	Intermediate	CLM	AMR	male
HG01462	-1.2077030300000005	High	CLM	AMR	female
HG01464	-3.5534568	Intermediate	CLM	AMR	male
HG01465	-3.0810463	Intermediate	CLM	AMR	female
HG01468	-2.7136402	Intermediate	CLM	AMR	female
HG01474	-3.064054900000001	Intermediate	CLM	AMR	female
HG01479	-2.6579270000000004	Intermediate	CLM	AMR	male
HG01485	-1.2150206	High	CLM	AMR	male
HG01486	-3.744378900000001	Low	CLM	AMR	female
HG01488	-3.620051165000001	Low	CLM	AMR	male
HG01489	-2.019275499999999	Intermediate	CLM	AMR	female
HG01491	-2.8128665	Intermediate	CLM	AMR	male
HG01492	0.3347559000000001	High	CLM	AMR	female
HG01494	-3.4284524	Intermediate	CLM	AMR	male
HG01495	-2.9305645	Intermediate	CLM	AMR	female
HG01497	-4.029151	Low	CLM	AMR	male
HG01498	-3.5270624999999995	Intermediate	CLM	AMR	female
HG01500	-2.1764413	Intermediate	IBS	EUR	male
HG01501	-0.8247665000000002	High	IBS	EUR	female
HG01503	-2.554627700000001	Intermediate	IBS	EUR	male
HG01504	-2.5497858	Intermediate	IBS	EUR	female
HG01506	-2.2205523000000005	Intermediate	IBS	EUR	male
HG01507	-2.3000709	Intermediate	IBS	EUR	female
HG01509	-4.456447899999999	Low	IBS	EUR	male
HG01510	-1.5038543999999998	Intermediate	IBS	EUR	female
HG01512	-2.5707621	Intermediate	IBS	EUR	male
HG01513	-2.2564177	Intermediate	IBS	EUR	female
HG01515	-3.618780399999999	Low	IBS	EUR	male
HG01516	-4.394355200000001	Low	IBS	EUR	female
HG01518	-3.3935198	Intermediate	IBS	EUR	male
HG01519	-3.058338499999999	Intermediate	IBS	EUR	female
HG01521	-5.036680699999999	Low	IBS	EUR	male
HG01522	-2.1608874	Intermediate	IBS	EUR	female
HG01524	-3.750947699999999	Low	IBS	EUR	male
HG01525	-3.694720760000001	Low	IBS	EUR	female
HG01527	-2.2030876	Intermediate	IBS	EUR	male
HG01528	-4.4619831	Low	IBS	EUR	female
HG01530	-3.5651913	Low	IBS	EUR	male
HG01531	-2.4024818709999995	Intermediate	IBS	EUR	female
HG01536	-3.1608689	Intermediate	IBS	EUR	male
HG01537	-2.2337013000000008	Intermediate	IBS	EUR	female
HG01550	-3.859015440000001	Low	CLM	AMR	male
HG01551	-2.0914024	Intermediate	CLM	AMR	female
HG01556	-3.34041454	Intermediate	CLM	AMR	male
HG01565	-2.7880183000000005	Intermediate	PEL	AMR	male
HG01566	-2.2327279099999995	Intermediate	PEL	AMR	female
HG01571	-2.681348500000001	Intermediate	PEL	AMR	male
HG01572	-2.732814261	Intermediate	PEL	AMR	female
HG01577	-3.5009652000000004	Intermediate	PEL	AMR	male
HG01578	-1.22402704	High	PEL	AMR	female
HG01583	-1.9606945	Intermediate	PJL	SAS	male
HG01586	-0.3912555000000004	High	PJL	SAS	male
HG01589	-2.0164552	Intermediate	PJL	SAS	male
HG01593	-1.6345949000000006	Intermediate	PJL	SAS	female
HG01595	-3.7346155000000008	Low	KHV	EAS	female
HG01596	-3.4978996	Intermediate	KHV	EAS	male
HG01597	-3.9428572	Low	KHV	EAS	female
HG01598	-2.5087467999999995	Intermediate	KHV	EAS	female
HG01599	-2.3718636	Intermediate	KHV	EAS	female
HG01600	-3.056071200000001	Intermediate	KHV	EAS	female
HG01602	-2.958107000000001	Intermediate	IBS	EUR	female
HG01603	-2.995550549999999	Intermediate	IBS	EUR	male
HG01605	-1.4112928000000005	Intermediate	IBS	EUR	female
HG01606	-3.9612956000000006	Low	IBS	EUR	male
HG01607	-3.48237467	Intermediate	IBS	EUR	female
HG01608	-2.931751600000001	Intermediate	IBS	EUR	male
HG01610	-1.5780661000000002	Intermediate	IBS	EUR	male
HG01612	-4.1170483	Low	IBS	EUR	female
HG01613	-2.447319799999999	Intermediate	IBS	EUR	female
HG01615	-4.213693699999999	Low	IBS	EUR	male
HG01617	-2.0919651959999994	Intermediate	IBS	EUR	male
HG01618	-3.3712598900000006	Intermediate	IBS	EUR	female
HG01619	-2.5048998999999994	Intermediate	IBS	EUR	male
HG01620	-2.9214980000000006	Intermediate	IBS	EUR	female
HG01623	-3.1066679	Intermediate	IBS	EUR	female
HG01624	-2.3244508	Intermediate	IBS	EUR	male
HG01625	-1.455025	Intermediate	IBS	EUR	male
HG01626	-4.209089799999999	Low	IBS	EUR	female
HG01628	-3.1890874	Intermediate	IBS	EUR	female
HG01630	-4.4320965	Low	IBS	EUR	male
HG01631	-3.1745886	Intermediate	IBS	EUR	male
HG01632	-4.148838	Low	IBS	EUR	female
HG01668	-3.1998870699999995	Intermediate	IBS	EUR	female
HG01669	-2.5433002000000013	Intermediate	IBS	EUR	male
HG01670	-3.7167931999999992	Low	IBS	EUR	female
HG01672	-2.986267719999999	Intermediate	IBS	EUR	male
HG01673	-3.704010499999999	Low	IBS	EUR	female
HG01675	-3.3490631000000004	Intermediate	IBS	EUR	male
HG01676	-1.348177600000001	Intermediate	IBS	EUR	female
HG01678	-4.64554443	Low	IBS	EUR	male
HG01679	-3.2789992000000003	Intermediate	IBS	EUR	female
HG01680	-5.720842000000001	Low	IBS	EUR	male
HG01682	-5.2625321	Low	IBS	EUR	male
HG01684	-3.167521399999999	Intermediate	IBS	EUR	female
HG01685	-4.705771500000002	Low	IBS	EUR	female
HG01686	-1.8274541	Intermediate	IBS	EUR	male
HG01694	-2.9965907	Intermediate	IBS	EUR	male
HG01695	-3.590618300000001	Low	IBS	EUR	female
HG01697	-3.0688498	Intermediate	IBS	EUR	female
HG01699	-3.546754800000001	Intermediate	IBS	EUR	male
HG01700	-4.052858	Low	IBS	EUR	male
HG01702	-4.22586845	Low	IBS	EUR	female
HG01704	-2.4387367	Intermediate	IBS	EUR	female
HG01705	-2.138781	Intermediate	IBS	EUR	male
HG01707	-3.3773208999999995	Intermediate	IBS	EUR	female
HG01708	-4.040519000000001	Low	IBS	EUR	male
HG01709	-2.3478275900000005	Intermediate	IBS	EUR	male
HG01710	-3.4605896000000005	Intermediate	IBS	EUR	female
HG01746	-3.5551372699999995	Intermediate	IBS	EUR	female
HG01747	-2.7297362	Intermediate	IBS	EUR	male
HG01756	-2.210673	Intermediate	IBS	EUR	male
HG01757	-3.8964945000000006	Low	IBS	EUR	female
HG01761	-2.7891696	Intermediate	IBS	EUR	male
HG01762	-2.661434	Intermediate	IBS	EUR	female
HG01765	-1.9789481	Intermediate	IBS	EUR	male
HG01766	-3.15039118	Intermediate	IBS	EUR	female
HG01767	-3.47446452	Intermediate	IBS	EUR	male
HG01768	-3.5132761	Intermediate	IBS	EUR	female
HG01770	-1.1582478000000005	High	IBS	EUR	female
HG01771	-3.9120001	Low	IBS	EUR	male
HG01773	-1.9005631000000005	Intermediate	IBS	EUR	female
HG01775	-3.6575407	Low	IBS	EUR	male
HG01776	-3.1283574	Intermediate	IBS	EUR	female
HG01777	-4.1881077	Low	IBS	EUR	male
HG01779	-3.5455287	Intermediate	IBS	EUR	female
HG01781	-4.3698572	Low	IBS	EUR	male
HG01783	-2.3694256	Intermediate	IBS	EUR	male
HG01784	-5.3591929	Low	IBS	EUR	female
HG01785	-3.896496050000001	Low	IBS	EUR	male
HG01786	-3.3753256000000005	Intermediate	IBS	EUR	female
HG01789	-3.9090118	Low	GBR	EUR	male
HG01790	-1.9895226	Intermediate	GBR	EUR	female
HG01791	-2.562890200000001	Intermediate	GBR	EUR	male
HG01794	-3.4730633	Intermediate	CDX	EAS	female
HG01795	-2.4552671	Intermediate	CDX	EAS	female
HG01796	-2.182361661999999	Intermediate	CDX	EAS	female
HG01797	-3.0538756000000005	Intermediate	CDX	EAS	female
HG01798	-2.3657821	Intermediate	CDX	EAS	female
HG01799	-2.592730799999999	Intermediate	CDX	EAS	female
HG01800	-1.7648264	Intermediate	CDX	EAS	female
HG01801	-2.1415406000000003	Intermediate	CDX	EAS	female
HG01802	-3.038780350000001	Intermediate	CDX	EAS	female
HG01804	-3.3636326	Intermediate	CDX	EAS	female
HG01805	-3.0286392	Intermediate	CDX	EAS	female
HG01806	-2.99740187	Intermediate	CDX	EAS	female
HG01807	-3.292480487	Intermediate	CDX	EAS	female
HG01808	-3.3172706	Intermediate	CDX	EAS	female
HG01809	-3.0772612	Intermediate	CDX	EAS	female
HG01810	-2.6613064	Intermediate	CDX	EAS	male
HG01811	-2.5492375400000005	Intermediate	CDX	EAS	male
HG01812	-2.6031656200000004	Intermediate	CDX	EAS	female
HG01813	-2.595196	Intermediate	CDX	EAS	female
HG01815	-2.1700027500000005	Intermediate	CDX	EAS	female
HG01816	-3.2384352	Intermediate	CDX	EAS	male
HG01817	-2.6889108000000004	Intermediate	CDX	EAS	female
HG01840	-2.9285613	Intermediate	KHV	EAS	male
HG01841	-3.07062682	Intermediate	KHV	EAS	female
HG01842	-2.818502399999999	Intermediate	KHV	EAS	male
HG01843	-2.4729992	Intermediate	KHV	EAS	female
HG01844	-3.472315300000001	Intermediate	KHV	EAS	male
HG01845	-4.3445866	Low	KHV	EAS	female
HG01846	-3.734160600000001	Low	KHV	EAS	male
HG01847	-2.730727699999999	Intermediate	KHV	EAS	female
HG01848	-3.3026170000000006	Intermediate	KHV	EAS	female
HG01849	-2.204921500000001	Intermediate	KHV	EAS	male
HG01850	-3.4198351	Intermediate	KHV	EAS	female
HG01851	-4.1477643	Low	KHV	EAS	female
HG01852	-2.3324471999999994	Intermediate	KHV	EAS	male
HG01853	-2.1822308000000006	Intermediate	KHV	EAS	female
HG01855	-4.11573145	Low	KHV	EAS	female
HG01857	-3.81558322	Low	KHV	EAS	female
HG01858	-1.1931328200000009	High	KHV	EAS	female
HG01859	-3.2024555209999988	Intermediate	KHV	EAS	female
HG01860	-3.13020142	Intermediate	KHV	EAS	male
HG01861	-3.726621199999999	Low	KHV	EAS	male
HG01862	-2.3673625999999994	Intermediate	KHV	EAS	female
HG01863	-2.3960056	Intermediate	KHV	EAS	female
HG01864	-2.5981197	Intermediate	KHV	EAS	male
HG01865	-3.429828900000001	Intermediate	KHV	EAS	male
HG01866	-2.9582364	Intermediate	KHV	EAS	male
HG01867	-2.6353901500000005	Intermediate	KHV	EAS	male
HG01868	-2.5190035	Intermediate	KHV	EAS	female
HG01869	-2.97565187	Intermediate	KHV	EAS	female
HG01870	-3.2672481	Intermediate	KHV	EAS	female
HG01871	-3.5239172	Intermediate	KHV	EAS	female
HG01872	-3.8934023200000007	Low	KHV	EAS	male
HG01873	-2.9445721	Intermediate	KHV	EAS	male
HG01874	-1.9202513000000008	Intermediate	KHV	EAS	female
HG01878	-3.2222745	Intermediate	KHV	EAS	female
HG01879	-1.764478199999999	Intermediate	ACB	AFR	male
HG01880	-1.5109530000000009	Intermediate	ACB	AFR	female
HG01882	0.8916364000000008	High	ACB	AFR	male
HG01883	-1.3553409999999997	Intermediate	ACB	AFR	female
HG01885	-1.8341832	Intermediate	ACB	AFR	male
HG01886	-0.6646260700000004	High	ACB	AFR	female
HG01889	-0.7504847999999996	High	ACB	AFR	female
HG01890	-0.5012497999999994	High	ACB	AFR	male
HG01892	-3.225484600000001	Intermediate	PEL	AMR	male
HG01893	-2.9738930000000003	Intermediate	PEL	AMR	female
HG01894	-0.2285267000000004	High	ACB	AFR	female
HG01896	-0.2617595000000015	High	ACB	AFR	female
HG01912	-0.6150407999999997	High	ACB	AFR	male
HG01914	-0.5863817000000001	High	ACB	AFR	male
HG01915	-1.4662434	Intermediate	ACB	AFR	female
HG01917	-3.391218	Intermediate	PEL	AMR	male
HG01918	-4.2088732	Low	PEL	AMR	female
HG01920	-4.180332400000001	Low	PEL	AMR	male
HG01921	-3.4710983000000004	Intermediate	PEL	AMR	female
HG01923	-4.765693100000002	Low	PEL	AMR	male
HG01924	-3.275647	Intermediate	PEL	AMR	female
HG01926	-4.347202599999999	Low	PEL	AMR	male
HG01927	-4.168288800000001	Low	PEL	AMR	female
HG01932	-1.888264100000001	Intermediate	PEL	AMR	male
HG01933	-3.0618667000000004	Intermediate	PEL	AMR	female
HG01935	-3.7421521	Low	PEL	AMR	male
HG01936	-3.0182639	Intermediate	PEL	AMR	female
HG01938	-3.9893996	Low	PEL	AMR	male
HG01939	-4.4072666	Low	PEL	AMR	female
HG01941	-2.650936	Intermediate	PEL	AMR	male
HG01942	-3.0853233	Intermediate	PEL	AMR	female
HG01944	-3.143996699999999	Intermediate	PEL	AMR	male
HG01945	-4.0522625	Low	PEL	AMR	female
HG01947	-3.0667918	Intermediate	PEL	AMR	male
HG01948	-3.416816599999999	Intermediate	PEL	AMR	female
HG01950	-4.225495700000001	Low	PEL	AMR	male
HG01951	-3.8264488	Low	PEL	AMR	female
HG01953	-2.528713	Intermediate	PEL	AMR	male
HG01954	-3.91067581	Low	PEL	AMR	female
HG01956	-1.1252428199999995	High	ACB	AFR	female
HG01958	-2.7088588	Intermediate	ACB	AFR	female
HG01961	-4.0143851	Low	PEL	AMR	male
HG01965	-3.7353286	Low	PEL	AMR	female
HG01967	-2.9977708500000007	Intermediate	PEL	AMR	male
HG01968	-3.6160379	Low	PEL	AMR	female
HG01970	-2.9075999	Intermediate	PEL	AMR	male
HG01971	-3.895097899999999	Low	PEL	AMR	female
HG01973	-3.9669016	Low	PEL	AMR	female
HG01974	-3.1674999500000003	Intermediate	PEL	AMR	male
HG01976	-3.8619047	Low	PEL	AMR	female
HG01977	-3.1768452	Intermediate	PEL	AMR	male
HG01979	-4.150093909999999	Low	PEL	AMR	male
HG01980	-4.1836002	Low	PEL	AMR	female
HG01982	-3.8949735000000008	Low	PEL	AMR	male
HG01985	-0.7993195	High	ACB	AFR	female
HG01986	0.8201073999999999	High	ACB	AFR	male
HG01988	-3.273236850000001	Intermediate	ACB	AFR	male
HG01989	-1.08615838	High	ACB	AFR	female
HG01990	-1.74077925	Intermediate	ACB	AFR	male
HG01991	-4.314163400000001	Low	PEL	AMR	male
HG01992	-3.191001110000001	Intermediate	PEL	AMR	female
HG01997	-3.768505199999999	Low	PEL	AMR	female
HG02002	-2.8279505000000005	Intermediate	PEL	AMR	male
HG02003	-2.9420714	Intermediate	PEL	AMR	female
HG02006	-2.5256394	Intermediate	PEL	AMR	female
HG02008	-5.558169800000001	Low	PEL	AMR	male
HG02009	-0.8000329500000004	High	ACB	AFR	male
HG02010	-0.4943606000000006	High	ACB	AFR	female
HG02012	-1.0264738000000004	High	ACB	AFR	female
HG02013	-1.3071509000000006	Intermediate	ACB	AFR	male
HG02014	0.3834726000000003	High	ACB	AFR	male
HG02016	-2.2394822	Intermediate	KHV	EAS	female
HG02017	-2.8448439500000005	Intermediate	KHV	EAS	male
HG02019	-4.320900669999999	Low	KHV	EAS	female
HG02020	-2.506871	Intermediate	KHV	EAS	male
HG02023	-2.7828206000000004	Intermediate	KHV	EAS	male
HG02025	-3.4572139	Intermediate	KHV	EAS	female
HG02026	-4.0638266000000005	Low	KHV	EAS	male
HG02028	-2.751667800000001	Intermediate	KHV	EAS	female
HG02029	-1.5011654000000003	Intermediate	KHV	EAS	male
HG02031	-3.63478669	Low	KHV	EAS	female
HG02032	-3.780086100000001	Low	KHV	EAS	male
HG02035	-3.0510545	Intermediate	KHV	EAS	male
HG02040	-2.368474799999999	Intermediate	KHV	EAS	male
HG02047	-2.3679927	Intermediate	KHV	EAS	male
HG02048	-1.8362831999999991	Intermediate	KHV	EAS	female
HG02049	-3.8809617	Low	KHV	EAS	female
HG02050	-3.5673630000000003	Low	KHV	EAS	male
HG02051	-0.8548409999999996	High	ACB	AFR	male
HG02052	-1.0973042	High	ACB	AFR	female
HG02053	-1.0050985	High	ACB	AFR	male
HG02054	-0.2239388999999991	High	ACB	AFR	female
HG02057	-3.2418673999999994	Intermediate	KHV	EAS	female
HG02058	-3.5315917	Intermediate	KHV	EAS	male
HG02060	-2.499876579999999	Intermediate	KHV	EAS	female
HG02061	-3.2745796000000005	Intermediate	KHV	EAS	male
HG02064	-3.831601000000002	Low	KHV	EAS	male
HG02067	-3.3885618	Intermediate	KHV	EAS	male
HG02069	-1.8490482000000004	Intermediate	KHV	EAS	female
HG02070	-2.5805842	Intermediate	KHV	EAS	male
HG02072	-3.0726374999999995	Intermediate	KHV	EAS	female
HG02073	-3.6839312	Low	KHV	EAS	male
HG02075	-2.5767948	Intermediate	KHV	EAS	female
HG02076	-2.72462465	Intermediate	KHV	EAS	male
HG02078	-2.5153474	Intermediate	KHV	EAS	female
HG02079	-4.317007899999999	Low	KHV	EAS	male
HG02081	-3.348558499999999	Intermediate	KHV	EAS	female
HG02082	-1.7603885999999995	Intermediate	KHV	EAS	male
HG02084	-3.171756300000001	Intermediate	KHV	EAS	female
HG02085	-2.8457202999999995	Intermediate	KHV	EAS	male
HG02086	-3.466805800000001	Intermediate	KHV	EAS	female
HG02087	-3.0952977	Intermediate	KHV	EAS	female
HG02088	-2.9410699000000005	Intermediate	KHV	EAS	male
HG02089	-4.1007356	Low	PEL	AMR	female
HG02090	-4.8219553	Low	PEL	AMR	male
HG02095	-0.5719476000000003	High	ACB	AFR	female
HG02102	-3.7656049	Low	PEL	AMR	female
HG02104	-4.620323883000001	Low	PEL	AMR	male
HG02105	-3.565813	Low	PEL	AMR	female
HG02107	-2.1073044000000007	Intermediate	ACB	AFR	male
HG02108	-1.4491420000000002	Intermediate	ACB	AFR	female
HG02111	-1.1387206999999993	High	ACB	AFR	female
HG02113	-2.9218627999999995	Intermediate	KHV	EAS	female
HG02116	-2.789341899999999	Intermediate	KHV	EAS	male
HG02121	-2.8397243	Intermediate	KHV	EAS	female
HG02122	-4.0306431	Low	KHV	EAS	male
HG02127	-3.0063570000000004	Intermediate	KHV	EAS	female
HG02128	-1.6332962999999996	Intermediate	KHV	EAS	male
HG02130	-2.574186100000001	Intermediate	KHV	EAS	female
HG02131	-2.9236386	Intermediate	KHV	EAS	male
HG02133	-3.6795913	Low	KHV	EAS	female
HG02134	-2.5665399	Intermediate	KHV	EAS	male
HG02136	-4.957469229999998	Low	KHV	EAS	female
HG02137	-1.5171180999999996	Intermediate	KHV	EAS	male
HG02138	-3.6184565	Low	KHV	EAS	male
HG02139	-3.8067281	Low	KHV	EAS	female
HG02140	-2.953956399999999	Intermediate	KHV	EAS	female
HG02141	-3.2920788000000005	Intermediate	KHV	EAS	male
HG02142	-3.5321782	Intermediate	KHV	EAS	female
HG02143	0.7062045999999986	High	ACB	AFR	male
HG02144	-1.1222299000000002	High	ACB	AFR	female
HG02146	-3.6908351	Low	PEL	AMR	male
HG02147	-3.3535334000000003	Intermediate	PEL	AMR	female
HG02150	-2.9138051000000007	Intermediate	PEL	AMR	male
HG02151	-2.7010244	Intermediate	CDX	EAS	female
HG02152	-1.7572093999999996	Intermediate	CDX	EAS	female
HG02153	-1.7343672000000003	Intermediate	CDX	EAS	female
HG02154	-3.682996900000001	Low	CDX	EAS	female
HG02155	-2.4016278	Intermediate	CDX	EAS	female
HG02156	-3.4636357	Intermediate	CDX	EAS	female
HG02164	-2.6628656700000004	Intermediate	CDX	EAS	female
HG02165	-3.12452071	Intermediate	CDX	EAS	female
HG02166	-3.3167808999999995	Intermediate	CDX	EAS	female
HG02178	-3.01597608	Intermediate	CDX	EAS	female
HG02179	-1.7130784699999997	Intermediate	CDX	EAS	female
HG02180	-3.7457679	Low	CDX	EAS	female
HG02181	-2.6074806	Intermediate	CDX	EAS	female
HG02182	-3.7217653	Low	CDX	EAS	female
HG02184	-3.2736639999999992	Intermediate	CDX	EAS	female
HG02185	-1.72708128	Intermediate	CDX	EAS	female
HG02186	-2.3485077000000003	Intermediate	CDX	EAS	female
HG02187	-2.5627828000000004	Intermediate	CDX	EAS	female
HG02188	-2.97006423	Intermediate	CDX	EAS	female
HG02190	-2.2562851800000003	Intermediate	CDX	EAS	female
HG02215	-4.1999484	Low	GBR	EUR	female
HG02219	-4.253955499999999	Low	IBS	EUR	male
HG02220	-3.847594	Low	IBS	EUR	female
HG02221	-2.29308078	Intermediate	IBS	EUR	male
HG02223	-1.9842444	Intermediate	IBS	EUR	female
HG02224	-4.353969800000001	Low	IBS	EUR	male
HG02230	-3.4650543	Intermediate	IBS	EUR	female
HG02231	-3.9759316	Low	IBS	EUR	male
HG02232	-4.271347	Low	IBS	EUR	female
HG02233	-3.559029	Intermediate	IBS	EUR	male
HG02235	-2.5696558	Intermediate	IBS	EUR	female
HG02236	-3.5606790000000004	Intermediate	IBS	EUR	male
HG02238	-4.5956335	Low	IBS	EUR	male
HG02239	-2.9261367000000007	Intermediate	IBS	EUR	female
HG02250	-2.9724317000000005	Intermediate	CDX	EAS	male
HG02252	-3.1620710000000005	Intermediate	PEL	AMR	female
HG02253	-3.58544463	Low	PEL	AMR	male
HG02255	-0.4810040999999999	High	ACB	AFR	male
HG02256	-1.1300065100000003	High	ACB	AFR	female
HG02259	-3.5999267	Low	PEL	AMR	male
HG02260	-3.6367611000000006	Low	PEL	AMR	female
HG02262	-3.143865299999999	Intermediate	PEL	AMR	male
HG02265	-3.433853000000001	Intermediate	PEL	AMR	male
HG02266	-4.053059599999999	Low	PEL	AMR	female
HG02271	-3.2727205	Intermediate	PEL	AMR	male
HG02272	-3.946890399999999	Low	PEL	AMR	female
HG02274	-4.5076258000000005	Low	PEL	AMR	male
HG02275	-3.8429999	Low	PEL	AMR	female
HG02277	-3.1638568	Intermediate	PEL	AMR	male
HG02278	-2.3913164000000005	Intermediate	PEL	AMR	female
HG02281	0.1829810000000007	High	ACB	AFR	male
HG02282	0.0792519799999997	High	ACB	AFR	female
HG02283	-1.5533239000000003	Intermediate	ACB	AFR	male
HG02284	-0.9925846000000002	High	ACB	AFR	male
HG02285	-3.3213468399999995	Intermediate	PEL	AMR	male
HG02286	-2.6663154	Intermediate	PEL	AMR	female
HG02291	-3.5318087000000005	Intermediate	PEL	AMR	male
HG02292	-4.3033336	Low	PEL	AMR	female
HG02298	-3.889292199999999	Low	PEL	AMR	female
HG02299	-3.897732720000001	Low	PEL	AMR	male
HG02301	-2.606582399999999	Intermediate	PEL	AMR	female
HG02304	-2.956730799999999	Intermediate	PEL	AMR	male
HG02307	-0.6938701464000004	High	ACB	AFR	male
HG02308	-1.1610461	High	ACB	AFR	female
HG02309	0.2370764000000007	High	ACB	AFR	female
HG02312	-2.5452967	Intermediate	PEL	AMR	female
HG02314	-0.4055199	High	ACB	AFR	male
HG02315	-0.5357120999999991	High	ACB	AFR	female
HG02317	-0.9062300099999998	High	ACB	AFR	male
HG02318	-1.4325040999999996	Intermediate	ACB	AFR	female
HG02322	-0.6350202999999996	High	ACB	AFR	female
HG02323	-1.1337561000000005	High	ACB	AFR	male
HG02325	-1.4884802600000002	Intermediate	ACB	AFR	female
HG02330	-1.4626204	Intermediate	ACB	AFR	male
HG02332	-0.6692416999999999	High	ACB	AFR	male
HG02334	-2.7143829000000004	Intermediate	ACB	AFR	male
HG02337	0.7643513710000003	High	ACB	AFR	female
HG02339	-0.6878973000000006	High	ACB	AFR	female
HG02343	-0.5870623400000001	High	ACB	AFR	male
HG02345	-2.7568196	Intermediate	PEL	AMR	female
HG02348	-4.813698400000001	Low	PEL	AMR	female
HG02351	-2.5737116000000007	Intermediate	CDX	EAS	male
HG02353	-2.6353597	Intermediate	CDX	EAS	male
HG02355	-3.3030091	Intermediate	CDX	EAS	male
HG02356	-2.7444260000000007	Intermediate	CDX	EAS	male
HG02360	-3.7415837	Low	CDX	EAS	male
HG02364	-2.0223237000000003	Intermediate	CDX	EAS	male
HG02367	-3.5092429	Intermediate	CDX	EAS	male
HG02371	-2.2723280000000003	Intermediate	CDX	EAS	male
HG02373	-3.2769545000000004	Intermediate	CDX	EAS	male
HG02374	-2.8921963	Intermediate	CDX	EAS	male
HG02375	-2.3366806	Intermediate	CDX	EAS	male
HG02379	-3.857903560000001	Low	CDX	EAS	male
HG02380	-1.7155326000000002	Intermediate	CDX	EAS	male
HG02382	-2.809773900000001	Intermediate	CDX	EAS	male
HG02383	-2.86290153	Intermediate	CDX	EAS	male
HG02384	-1.8063460999999992	Intermediate	CDX	EAS	male
HG02385	-2.9097677	Intermediate	CDX	EAS	male
HG02386	-2.9642492	Intermediate	CDX	EAS	male
HG02389	-2.4873472000000003	Intermediate	CDX	EAS	male
HG02390	-2.7072521000000007	Intermediate	CDX	EAS	male
HG02391	-2.7040960000000003	Intermediate	CDX	EAS	male
HG02392	-2.94186991	Intermediate	CDX	EAS	male
HG02394	-3.486203330000001	Intermediate	CDX	EAS	male
HG02395	-2.3510937	Intermediate	CDX	EAS	male
HG02396	-3.087429310000001	Intermediate	CDX	EAS	male
HG02397	-3.1984077	Intermediate	CDX	EAS	male
HG02398	-2.763447900000001	Intermediate	CDX	EAS	male
HG02399	-3.0056729000000004	Intermediate	CDX	EAS	male
HG02401	-2.366733700000001	Intermediate	CDX	EAS	male
HG02402	-3.374468105	Intermediate	CDX	EAS	male
HG02406	-1.9165745	Intermediate	CDX	EAS	male
HG02407	-2.213001700000001	Intermediate	CDX	EAS	male
HG02408	-2.2462092	Intermediate	CDX	EAS	male
HG02409	-3.9899473	Low	CDX	EAS	male
HG02410	-2.4073076	Intermediate	CDX	EAS	male
HG02419	-2.0157461500000005	Intermediate	ACB	AFR	female
HG02420	-1.5433281	Intermediate	ACB	AFR	male
HG02425	-4.3680152	Low	PEL	AMR	female
HG02427	-0.6037672999999996	High	ACB	AFR	female
HG02429	-1.7649083999999997	Intermediate	ACB	AFR	male
HG02433	-2.2169229	Intermediate	ACB	AFR	male
HG02439	-1.5019745999999998	Intermediate	ACB	AFR	male
HG02442	-1.0282479000000009	High	ACB	AFR	male
HG02445	0.4686985100000003	High	ACB	AFR	male
HG02449	-0.3761783000000003	High	ACB	AFR	male
HG02450	-0.7572451000000002	High	ACB	AFR	female
HG02455	-0.7066181000000001	High	ACB	AFR	male
HG02461	-0.8008024199999997	High	GWD	AFR	male
HG02462	-1.5739598	Intermediate	GWD	AFR	female
HG02464	-1.0985094170000005	High	GWD	AFR	male
HG02465	-0.8612640999999999	High	GWD	AFR	female
HG02470	-0.9412207	High	ACB	AFR	male
HG02471	-0.1945223999999996	High	ACB	AFR	female
HG02476	-0.4390040000000002	High	ACB	AFR	female
HG02477	-1.0936018999999992	High	ACB	AFR	female
HG02479	-1.6154990999999996	Intermediate	ACB	AFR	female
HG02481	-0.9243262999999998	High	ACB	AFR	male
HG02484	0.3979430000000006	High	ACB	AFR	male
HG02485	-1.4134873	Intermediate	ACB	AFR	female
HG02489	-0.0361020000000002	High	ACB	AFR	male
HG02490	-2.9096934	Intermediate	PJL	SAS	male
HG02491	-4.0943053	Low	PJL	SAS	female
HG02493	-3.4319469300000005	Intermediate	PJL	SAS	male
HG02494	-2.2498738	Intermediate	PJL	SAS	female
HG02496	-1.9272437	Intermediate	ACB	AFR	male
HG02497	0.3472662999999995	High	ACB	AFR	female
HG02501	-2.3331378	Intermediate	ACB	AFR	male
HG02502	-1.4037458000000005	Intermediate	ACB	AFR	female
HG02505	-0.5829219099999994	High	ACB	AFR	female
HG02508	-1.5503948999999997	Intermediate	ACB	AFR	female
HG02511	-0.9683138	High	ACB	AFR	female
HG02512	-3.3016893300000003	Intermediate	KHV	EAS	male
HG02513	-3.1942621999999994	Intermediate	KHV	EAS	female
HG02521	-2.4729795	Intermediate	KHV	EAS	male
HG02522	-2.8519061	Intermediate	KHV	EAS	female
HG02536	-0.5642378100000001	High	ACB	AFR	male
HG02537	-0.8146910800000001	High	ACB	AFR	female
HG02541	-1.6612122	Intermediate	ACB	AFR	male
HG02545	-1.2394491	High	ACB	AFR	male
HG02546	-1.6379385999999998	Intermediate	ACB	AFR	female
HG02549	-2.032885	Intermediate	ACB	AFR	female
HG02554	-0.2620101999999997	High	ACB	AFR	male
HG02555	-0.0575729600000005	High	ACB	AFR	female
HG02557	-0.9745104390000006	High	ACB	AFR	male
HG02558	-0.7702573999999991	High	ACB	AFR	female
HG02561	0.3126410339999997	High	GWD	AFR	male
HG02562	-0.4175564999999995	High	GWD	AFR	female
HG02568	-0.5728600000000001	High	GWD	AFR	female
HG02570	-0.5821615899999992	High	GWD	AFR	male
HG02571	-1.647794399999999	Intermediate	GWD	AFR	female
HG02573	-0.6315404000000001	High	GWD	AFR	male
HG02574	-1.4002015	Intermediate	GWD	AFR	female
HG02577	-0.4903511999999999	High	ACB	AFR	female
HG02580	-2.6199234	Intermediate	ACB	AFR	female
HG02582	-1.6940125000000008	Intermediate	GWD	AFR	male
HG02583	-1.3465661	Intermediate	GWD	AFR	female
HG02585	-1.3323838	Intermediate	GWD	AFR	male
HG02586	-1.7509130599999998	Intermediate	GWD	AFR	female
HG02588	-1.3479088300000006	Intermediate	GWD	AFR	male
HG02589	-1.7227511999999996	Intermediate	GWD	AFR	female
HG02594	-1.9881278	Intermediate	GWD	AFR	male
HG02595	-1.5190583250000005	Intermediate	GWD	AFR	female
HG02597	-1.9453468000000007	Intermediate	PJL	SAS	male
HG02600	-3.544574800000001	Intermediate	PJL	SAS	male
HG02601	-3.057526	Intermediate	PJL	SAS	female
HG02603	-2.4307275	Intermediate	PJL	SAS	male
HG02604	-2.4920032699999988	Intermediate	PJL	SAS	female
HG02610	-1.1271835	High	GWD	AFR	male
HG02611	-0.2989862910000003	High	GWD	AFR	female
HG02613	-1.7174260000000003	Intermediate	GWD	AFR	male
HG02614	-0.4290770000000005	High	GWD	AFR	female
HG02620	-1.7150435	Intermediate	GWD	AFR	male
HG02621	-1.8054484	Intermediate	GWD	AFR	female
HG02623	-1.3583489000000004	Intermediate	GWD	AFR	male
HG02624	-0.4528455	High	GWD	AFR	female
HG02628	-2.1334315900000003	Intermediate	GWD	AFR	male
HG02629	-0.9750452700000002	High	GWD	AFR	female
HG02634	-0.6371435999999993	High	GWD	AFR	male
HG02635	-0.4647921999999997	High	GWD	AFR	female
HG02642	-0.8410898999999995	High	GWD	AFR	male
HG02643	-0.9413212	High	GWD	AFR	female
HG02645	-2.034486859999999	Intermediate	GWD	AFR	male
HG02646	-1.4283169999999992	Intermediate	GWD	AFR	female
HG02648	-2.5587702999999995	Intermediate	PJL	SAS	male
HG02649	-4.8775754	Low	PJL	SAS	female
HG02651	-2.9833975	Intermediate	PJL	SAS	male
HG02652	-2.648844411	Intermediate	PJL	SAS	female
HG02654	-2.1301887	Intermediate	PJL	SAS	male
HG02655	-1.4624103	Intermediate	PJL	SAS	female
HG02657	-2.8357423000000006	Intermediate	PJL	SAS	male
HG02658	-2.16163177	Intermediate	PJL	SAS	female
HG02660	-2.0651284100000007	Intermediate	PJL	SAS	male
HG02661	-2.5464266000000007	Intermediate	PJL	SAS	female
HG02666	-1.3319468999999995	Intermediate	GWD	AFR	male
HG02667	0.2599363299999997	High	GWD	AFR	female
HG02675	-0.17850865	High	GWD	AFR	male
HG02676	-0.7705723999999998	High	GWD	AFR	female
HG02678	-1.1868064999999997	High	GWD	AFR	male
HG02679	-1.7126917999999995	Intermediate	GWD	AFR	female
HG02681	-3.4562209000000004	Intermediate	PJL	SAS	male
HG02682	-2.6672038	Intermediate	PJL	SAS	female
HG02684	-2.696326200000001	Intermediate	PJL	SAS	male
HG02685	-2.7603091	Intermediate	PJL	SAS	female
HG02687	-2.0246189	Intermediate	PJL	SAS	male
HG02688	-3.0916879700000006	Intermediate	PJL	SAS	female
HG02690	-1.14615483	High	PJL	SAS	male
HG02691	-1.95993736	Intermediate	PJL	SAS	female
HG02694	-1.7471961000000007	Intermediate	PJL	SAS	female
HG02696	-2.896724	Intermediate	PJL	SAS	male
HG02697	-2.87689151	Intermediate	PJL	SAS	female
HG02699	-2.234983300000001	Intermediate	PJL	SAS	male
HG02700	-2.555414470000001	Intermediate	PJL	SAS	female
HG02702	-1.3582160999999997	Intermediate	GWD	AFR	male
HG02703	-0.4709338000000004	High	GWD	AFR	female
HG02715	-0.5744769000000002	High	GWD	AFR	male
HG02716	-1.94310296	Intermediate	GWD	AFR	female
HG02721	-1.2438083999999998	High	GWD	AFR	male
HG02722	-2.1164184	Intermediate	GWD	AFR	female
HG02724	-3.8444914	Low	PJL	SAS	male
HG02725	-1.6221161	Intermediate	PJL	SAS	female
HG02727	-3.1128980000000004	Intermediate	PJL	SAS	male
HG02728	-2.5969474000000003	Intermediate	PJL	SAS	female
HG02731	-3.0039947500000013	Intermediate	PJL	SAS	female
HG02733	-2.996602899999999	Intermediate	PJL	SAS	male
HG02734	-1.9798088000000005	Intermediate	PJL	SAS	female
HG02736	-0.7706049000000005	High	PJL	SAS	male
HG02737	-1.4945841600000005	Intermediate	PJL	SAS	female
HG02756	-1.1129375999999995	High	GWD	AFR	male
HG02757	-0.7578043999999999	High	GWD	AFR	female
HG02759	-0.7169458	High	GWD	AFR	male
HG02760	-0.7023289800000003	High	GWD	AFR	female
HG02763	-0.1421048	High	GWD	AFR	female
HG02768	-0.7652615999999999	High	GWD	AFR	male
HG02769	0.2556471000000008	High	GWD	AFR	female
HG02771	-0.8891109000000007	High	GWD	AFR	male
HG02772	-1.1024098999999996	High	GWD	AFR	female
HG02774	-2.3096961999999994	Intermediate	PJL	SAS	male
HG02775	-3.533177030000001	Intermediate	PJL	SAS	female
HG02778	-2.5818121999999994	Intermediate	PJL	SAS	female
HG02780	-4.107705900000001	Low	PJL	SAS	male
HG02783	-1.8725324	Intermediate	PJL	SAS	male
HG02784	-2.8161000599999984	Intermediate	PJL	SAS	female
HG02786	-2.9549432	Intermediate	PJL	SAS	male
HG02787	-3.175053000000001	Intermediate	PJL	SAS	female
HG02789	-2.325514679999999	Intermediate	PJL	SAS	male
HG02790	-4.092627600000001	Low	PJL	SAS	female
HG02792	-3.107982	Intermediate	PJL	SAS	male
HG02793	-3.5430910999999994	Intermediate	PJL	SAS	female
HG02798	-1.7877881000000002	Intermediate	GWD	AFR	male
HG02799	-1.5712369999999996	Intermediate	GWD	AFR	female
HG02804	-1.777325629999999	Intermediate	GWD	AFR	male
HG02805	-1.1614204000000006	High	GWD	AFR	female
HG02807	-0.7842020999999999	High	GWD	AFR	male
HG02808	-1.5363993000000002	Intermediate	GWD	AFR	female
HG02810	-1.1899246999999995	High	GWD	AFR	male
HG02811	0.2740369499999998	High	GWD	AFR	female
HG02813	-1.1721174999999997	High	GWD	AFR	male
HG02814	-0.4976059000000002	High	GWD	AFR	female
HG02816	-0.9954718999999992	High	GWD	AFR	male
HG02817	-0.8488146000000002	High	GWD	AFR	female
HG02819	-1.7980147	Intermediate	GWD	AFR	male
HG02820	-0.9902868000000008	High	GWD	AFR	female
HG02836	-1.8461158	Intermediate	GWD	AFR	male
HG02837	-0.9912699999999997	High	GWD	AFR	female
HG02839	-1.581790299999999	Intermediate	GWD	AFR	male
HG02840	-1.1407504000000004	High	GWD	AFR	female
HG02851	-1.706990400000001	Intermediate	GWD	AFR	male
HG02852	-1.4996817700000005	Intermediate	GWD	AFR	female
HG02854	-1.8834986	Intermediate	GWD	AFR	male
HG02855	-0.2753199700000005	High	GWD	AFR	female
HG02860	-1.74042969	Intermediate	GWD	AFR	male
HG02861	-1.4644997000000002	Intermediate	GWD	AFR	female
HG02870	-0.1305054900000003	High	GWD	AFR	female
HG02878	-1.5611061999999998	Intermediate	GWD	AFR	male
HG02879	-1.2400910999999994	High	GWD	AFR	female
HG02881	-1.3755158000000007	Intermediate	GWD	AFR	male
HG02882	-0.8708775800000004	High	GWD	AFR	female
HG02884	-1.41382021	Intermediate	GWD	AFR	male
HG02885	-1.9998961	Intermediate	GWD	AFR	female
HG02887	-0.6282503000000002	High	GWD	AFR	male
HG02888	-0.7409799000000001	High	GWD	AFR	female
HG02890	-0.3805109999999995	High	GWD	AFR	male
HG02891	-0.3750454699999996	High	GWD	AFR	female
HG02895	-1.102006000000001	High	GWD	AFR	male
HG02896	-2.0444267000000007	Intermediate	GWD	AFR	female
HG02922	-1.0896542000000005	High	ESN	AFR	female
HG02923	-0.8852599999999997	High	ESN	AFR	male
HG02938	-1.672968	Intermediate	ESN	AFR	male
HG02941	-1.8339123	Intermediate	ESN	AFR	male
HG02943	-0.4848882000000009	High	ESN	AFR	female
HG02944	-0.9427203000000004	High	ESN	AFR	male
HG02946	-0.4426268000000006	High	ESN	AFR	female
HG02947	-1.3152828999999997	Intermediate	ESN	AFR	male
HG02952	-1.6028458000000003	Intermediate	ESN	AFR	female
HG02953	-0.4972304900000004	High	ESN	AFR	male
HG02968	0.3971512	High	ESN	AFR	male
HG02970	-0.9533518999999994	High	ESN	AFR	female
HG02971	-1.2227894	High	ESN	AFR	male
HG02973	-0.6319276000000001	High	ESN	AFR	male
HG02974	-1.3479189	Intermediate	ESN	AFR	female
HG02976	0.0162662000000002	High	ESN	AFR	female
HG02977	0.0118454000000009	High	ESN	AFR	male
HG02979	-0.2643728000000007	High	ESN	AFR	female
HG02981	-0.5608106000000002	High	ESN	AFR	male
HG02982	-0.8418262999999997	High	GWD	AFR	male
HG02983	-2.7300321	Intermediate	GWD	AFR	female
HG03006	-2.8932422	Intermediate	BEB	SAS	male
HG03007	-2.2111776999999995	Intermediate	BEB	SAS	female
HG03009	-2.86098606	Intermediate	BEB	SAS	male
HG03012	-4.0196243	Low	BEB	SAS	male
HG03015	-3.58044111	Low	PJL	SAS	male
HG03016	-0.9627170999999995	High	PJL	SAS	female
HG03018	-2.2619632000000003	Intermediate	PJL	SAS	male
HG03019	-2.941723968	Intermediate	PJL	SAS	female
HG03021	-2.4868723200000007	Intermediate	PJL	SAS	male
HG03022	-4.763661300000002	Low	PJL	SAS	female
HG03024	-2.5852766	Intermediate	GWD	AFR	male
HG03025	-1.9373963000000003	Intermediate	GWD	AFR	female
HG03027	-1.2397812999999993	High	GWD	AFR	male
HG03028	-1.8729813000000008	Intermediate	GWD	AFR	female
HG03039	-1.8612691	Intermediate	GWD	AFR	male
HG03040	-1.0619589000000005	High	GWD	AFR	female
HG03045	-0.9856473	High	GWD	AFR	male
HG03046	-0.1346727500000005	High	GWD	AFR	female
HG03048	-1.81516195	Intermediate	GWD	AFR	male
HG03049	-1.2724173999999997	High	GWD	AFR	female
HG03052	-0.5760064000000006	High	MSL	AFR	female
HG03054	-0.4247011999999996	High	MSL	AFR	male
HG03055	-1.42609314	Intermediate	MSL	AFR	female
HG03057	-1.2788812000000005	High	MSL	AFR	male
HG03058	-1.8870636	Intermediate	MSL	AFR	female
HG03060	-1.0657749999999997	High	MSL	AFR	male
HG03061	-2.5195408	Intermediate	MSL	AFR	female
HG03063	-1.5729195000000007	Intermediate	MSL	AFR	male
HG03064	-0.3269660000000001	High	MSL	AFR	female
HG03066	-0.8356048	High	MSL	AFR	male
HG03069	-2.1438914	Intermediate	MSL	AFR	male
HG03072	0.1504433999999998	High	MSL	AFR	male
HG03073	-0.8152487999999997	High	MSL	AFR	female
HG03074	0.1671780000000003	High	MSL	AFR	male
HG03077	-1.2994120000000005	High	MSL	AFR	male
HG03078	0.1155658999999995	High	MSL	AFR	male
HG03079	-1.7603528000000002	Intermediate	MSL	AFR	female
HG03081	0.0461096000000002	High	MSL	AFR	male
HG03082	0.0914525000000001	High	MSL	AFR	female
HG03084	-1.8126735	Intermediate	MSL	AFR	male
HG03085	-0.4059911100000002	High	MSL	AFR	female
HG03086	0.1320783099999997	High	MSL	AFR	female
HG03088	-0.8843666699999994	High	MSL	AFR	female
HG03091	-0.1191540999999997	High	MSL	AFR	female
HG03095	-1.8387178000000004	Intermediate	MSL	AFR	female
HG03096	-2.699129397999999	Intermediate	MSL	AFR	male
HG03097	-1.3349293000000009	Intermediate	MSL	AFR	female
HG03099	-0.6201585999999996	High	ESN	AFR	female
HG03100	-0.95571743	High	ESN	AFR	male
HG03103	0.2913904999999996	High	ESN	AFR	male
HG03105	-1.0049795	High	ESN	AFR	female
HG03108	-1.8535615	Intermediate	ESN	AFR	female
HG03109	-1.1248130600000008	High	ESN	AFR	male
HG03111	-2.2292809999999994	Intermediate	ESN	AFR	female
HG03112	-0.7463393999999997	High	ESN	AFR	male
HG03114	-1.3240761	Intermediate	ESN	AFR	female
HG03115	-1.7147860999999995	Intermediate	ESN	AFR	male
HG03117	-2.141545604	Intermediate	ESN	AFR	female
HG03118	0.6416496	High	ESN	AFR	male
HG03120	-1.4723621000000002	Intermediate	ESN	AFR	male
HG03121	-1.3782178000000005	Intermediate	ESN	AFR	female
HG03123	-0.9111292000000004	High	ESN	AFR	female
HG03124	-0.9053519	High	ESN	AFR	male
HG03126	-0.2349386000000002	High	ESN	AFR	female
HG03127	-1.9991666000000003	Intermediate	ESN	AFR	male
HG03129	-0.4331154000000002	High	ESN	AFR	female
HG03130	-2.2102779	Intermediate	ESN	AFR	male
HG03132	-1.4394313999999997	Intermediate	ESN	AFR	female
HG03133	-0.5701760000000002	High	ESN	AFR	male
HG03135	-0.8435139599999999	High	ESN	AFR	female
HG03136	-0.4323271000000004	High	ESN	AFR	male
HG03139	-1.5165676499999996	Intermediate	ESN	AFR	male
HG03157	-0.4535285999999996	High	ESN	AFR	male
HG03159	-0.8894652000000003	High	ESN	AFR	female
HG03160	-1.2183549999999996	High	ESN	AFR	male
HG03162	-0.0549371000000007	High	ESN	AFR	female
HG03163	-1.4027403999999997	Intermediate	ESN	AFR	male
HG03166	-0.2234542000000003	High	ESN	AFR	male
HG03168	-0.6243274999999998	High	ESN	AFR	female
HG03169	-1.1368787800000002	High	ESN	AFR	male
HG03172	-1.21278615	High	ESN	AFR	male
HG03175	-2.5486571	Intermediate	ESN	AFR	male
HG03189	-1.0175571	High	ESN	AFR	female
HG03190	-0.2287612400000003	High	ESN	AFR	male
HG03193	-1.1105216999999996	High	ESN	AFR	male
HG03195	-0.6860801439000002	High	ESN	AFR	female
HG03196	-1.1387568999999995	High	ESN	AFR	male
HG03198	-1.1833463800000008	High	ESN	AFR	female
HG03199	-1.3350433999999998	Intermediate	ESN	AFR	male
HG03202	-0.1533844900000007	High	ESN	AFR	male
HG03209	-0.7095694000000003	High	MSL	AFR	male
HG03212	-1.2524011999999998	High	MSL	AFR	female
HG03224	-0.5456301000000002	High	MSL	AFR	male
HG03225	-1.4548286999999998	Intermediate	MSL	AFR	male
HG03228	-2.16808606	Intermediate	PJL	SAS	male
HG03229	-3.2967107	Intermediate	PJL	SAS	female
HG03234	-4.188078200000001	Low	PJL	SAS	male
HG03235	-2.0936671	Intermediate	PJL	SAS	female
HG03237	-3.3939581000000003	Intermediate	PJL	SAS	male
HG03238	-2.1442479000000003	Intermediate	PJL	SAS	female
HG03240	-0.9847945000000004	High	GWD	AFR	male
HG03241	-0.5165871	High	GWD	AFR	female
HG03246	-1.0090729	High	GWD	AFR	male
HG03247	-0.85437028	High	GWD	AFR	female
HG03258	-1.5268239199999998	Intermediate	GWD	AFR	male
HG03259	-0.5716422	High	GWD	AFR	female
HG03265	-1.4496191660000002	Intermediate	ESN	AFR	male
HG03267	-2.870486	Intermediate	ESN	AFR	female
HG03268	-0.5505900999999997	High	ESN	AFR	male
HG03270	0.1773879999999996	High	ESN	AFR	female
HG03271	-1.0711411000000002	High	ESN	AFR	male
HG03279	-0.4980872999999998	High	ESN	AFR	female
HG03280	-1.5389303999999993	Intermediate	ESN	AFR	male
HG03291	-0.9078246	High	ESN	AFR	female
HG03294	0.6356669	High	ESN	AFR	female
HG03295	0.1841278799999992	High	ESN	AFR	male
HG03297	-0.0692319000000003	High	ESN	AFR	female
HG03298	-0.4494447000000006	High	ESN	AFR	male
HG03300	-0.4608876000000002	High	ESN	AFR	female
HG03301	-2.00973119	Intermediate	ESN	AFR	male
HG03303	-0.910337	High	ESN	AFR	female
HG03304	-0.2366611000000003	High	ESN	AFR	male
HG03311	-1.7030610000000008	Intermediate	ESN	AFR	male
HG03313	-1.415507145	Intermediate	ESN	AFR	male
HG03342	-0.6439049500000004	High	ESN	AFR	female
HG03343	0.0595169900000003	High	ESN	AFR	male
HG03351	-0.0805289999999993	High	ESN	AFR	female
HG03352	-1.7869886999999998	Intermediate	ESN	AFR	male
HG03354	0.5975308000000001	High	ESN	AFR	female
HG03363	-0.4336991000000007	High	ESN	AFR	female
HG03366	-1.3747322600000005	Intermediate	ESN	AFR	female
HG03367	-1.3063301000000007	Intermediate	ESN	AFR	male
HG03369	-1.0762507	High	ESN	AFR	female
HG03370	-0.7812283000000008	High	ESN	AFR	male
HG03372	-1.1201415000000008	High	ESN	AFR	female
HG03376	-1.4706531999999997	Intermediate	MSL	AFR	male
HG03378	-0.7987654999999997	High	MSL	AFR	female
HG03380	-0.75518	High	MSL	AFR	female
HG03382	-0.5015213000000008	High	MSL	AFR	male
HG03385	-1.7323963000000009	Intermediate	MSL	AFR	male
HG03388	-1.6210174499999996	Intermediate	MSL	AFR	male
HG03391	-1.827958	Intermediate	MSL	AFR	male
HG03394	0.4463439699999996	High	MSL	AFR	male
HG03397	-0.5838260000000006	High	MSL	AFR	male
HG03401	0.2248311000000004	High	MSL	AFR	female
HG03410	-0.6918858000000001	High	MSL	AFR	female
HG03419	-1.0470593600000002	High	MSL	AFR	female
HG03428	-1.1111503000000005	High	MSL	AFR	female
HG03432	-0.8272095399999997	High	MSL	AFR	male
HG03433	-0.8446427000000005	High	MSL	AFR	male
HG03436	-1.0165253999999997	High	MSL	AFR	male
HG03437	-1.4880890999999998	Intermediate	MSL	AFR	female
HG03439	-0.1858668999999999	High	MSL	AFR	male
HG03442	-1.1405179999999997	High	MSL	AFR	male
HG03445	-1.7102121999999995	Intermediate	MSL	AFR	male
HG03446	-2.11515462	Intermediate	MSL	AFR	female
HG03449	-2.0794425000000003	Intermediate	MSL	AFR	female
HG03451	-1.82897054	Intermediate	MSL	AFR	male
HG03452	-1.5364431999999997	Intermediate	MSL	AFR	female
HG03455	-1.1029485	High	MSL	AFR	female
HG03457	-1.2054037999999998	High	MSL	AFR	male
HG03458	-0.6099850999999993	High	MSL	AFR	female
HG03460	-1.2574135000000004	High	MSL	AFR	male
HG03461	-0.7910187999999999	High	MSL	AFR	female
HG03464	-0.8871207000000001	High	MSL	AFR	female
HG03469	-2.5349096	Intermediate	MSL	AFR	male
HG03470	-0.9393569	High	MSL	AFR	female
HG03472	-2.2121191	Intermediate	MSL	AFR	male
HG03473	-1.4033834	Intermediate	MSL	AFR	female
HG03476	-2.0324051	Intermediate	MSL	AFR	female
HG03478	-1.5042132000000006	Intermediate	MSL	AFR	male
HG03479	-0.9365978	High	MSL	AFR	female
HG03484	-1.1009016	High	MSL	AFR	male
HG03485	-1.6131667999999997	Intermediate	MSL	AFR	female
HG03488	-2.121437200000001	Intermediate	PJL	SAS	female
HG03490	-2.116091000000001	Intermediate	PJL	SAS	male
HG03491	-1.8872553600000004	Intermediate	PJL	SAS	female
HG03499	-1.1461301000000004	High	ESN	AFR	female
HG03511	-0.8475936	High	ESN	AFR	female
HG03514	-1.9002289000000008	Intermediate	ESN	AFR	female
HG03515	0.4295002999999995	High	ESN	AFR	male
HG03517	-2.1310487	Intermediate	ESN	AFR	female
HG03518	-1.6847078999999996	Intermediate	ESN	AFR	male
HG03520	-1.1830836000000005	High	ESN	AFR	female
HG03521	0.2077424100000004	High	ESN	AFR	male
HG03538	-1.5275673000000003	Intermediate	GWD	AFR	male
HG03539	-1.1249095	High	GWD	AFR	female
HG03547	-0.2364551999999996	High	MSL	AFR	male
HG03548	-1.4624188000000002	Intermediate	MSL	AFR	female
HG03556	0.0762259000000005	High	MSL	AFR	male
HG03557	-1.114950059	High	MSL	AFR	female
HG03558	-0.6851344999999995	High	MSL	AFR	female
HG03559	-1.9842047000000005	Intermediate	MSL	AFR	male
HG03563	-1.1886384	High	MSL	AFR	female
HG03565	-0.5501123000000006	High	MSL	AFR	male
HG03567	-1.4405045999999997	Intermediate	MSL	AFR	female
HG03571	-0.2302591	High	MSL	AFR	male
HG03572	-1.9708789999999992	Intermediate	MSL	AFR	female
HG03575	-0.7353388000000004	High	MSL	AFR	female
HG03577	-0.4441454999999999	High	MSL	AFR	male
HG03578	-1.6299739999999996	Intermediate	MSL	AFR	female
HG03583	-1.1397993999999994	High	MSL	AFR	female
HG03585	-2.4002631	Intermediate	BEB	SAS	male
HG03589	-1.2966399000000002	High	BEB	SAS	female
HG03593	-3.045123489999999	Intermediate	BEB	SAS	male
HG03594	-2.954127500000001	Intermediate	BEB	SAS	male
HG03595	-3.0861423	Intermediate	BEB	SAS	female
HG03598	-2.84035579	Intermediate	BEB	SAS	female
HG03600	-4.2159187	Low	BEB	SAS	male
HG03603	-2.554777699999999	Intermediate	BEB	SAS	male
HG03604	-2.0082146000000005	Intermediate	BEB	SAS	female
HG03607	-1.4792314999999998	Intermediate	BEB	SAS	female
HG03611	-2.9720531	Intermediate	BEB	SAS	female
HG03615	-3.2831393	Intermediate	BEB	SAS	male
HG03616	-2.7502686000000005	Intermediate	BEB	SAS	female
HG03619	-3.513708699999999	Intermediate	PJL	SAS	female
HG03624	-2.7819943	Intermediate	PJL	SAS	male
HG03625	-1.8818239999999995	Intermediate	PJL	SAS	female
HG03629	-2.5409132	Intermediate	PJL	SAS	male
HG03631	-2.3542273	Intermediate	PJL	SAS	female
HG03634	-3.1407412	Intermediate	PJL	SAS	female
HG03636	-2.1973236	Intermediate	PJL	SAS	male
HG03640	-3.2780728000000003	Intermediate	PJL	SAS	female
HG03642	-2.3905219	Intermediate	STU	SAS	female
HG03643	-3.917861200000001	Low	STU	SAS	female
HG03644	-3.6024399600000003	Low	STU	SAS	male
HG03645	-2.7448372	Intermediate	STU	SAS	female
HG03646	-2.5630991	Intermediate	STU	SAS	male
HG03649	-2.38521474	Intermediate	PJL	SAS	male
HG03652	-2.4825696000000006	Intermediate	PJL	SAS	male
HG03653	-2.408407799999999	Intermediate	PJL	SAS	female
HG03660	-2.5658443	Intermediate	PJL	SAS	male
HG03663	-2.7712906	Intermediate	PJL	SAS	male
HG03667	-2.542106199999999	Intermediate	PJL	SAS	male
HG03668	-2.650178687000001	Intermediate	PJL	SAS	female
HG03672	-1.7371625	Intermediate	STU	SAS	male
HG03673	-2.997457	Intermediate	STU	SAS	female
HG03679	-2.5929070000000007	Intermediate	STU	SAS	male
HG03680	-2.4716288800000004	Intermediate	STU	SAS	male
HG03681	-1.968695700000001	Intermediate	STU	SAS	male
HG03684	-2.8006207999999995	Intermediate	STU	SAS	female
HG03685	-3.1501562000000005	Intermediate	STU	SAS	male
HG03686	-2.5393398	Intermediate	STU	SAS	male
HG03687	-3.0108204	Intermediate	STU	SAS	male
HG03689	-2.32337604	Intermediate	STU	SAS	female
HG03690	-2.9313063000000006	Intermediate	STU	SAS	female
HG03691	-2.0678191500000005	Intermediate	STU	SAS	male
HG03692	-3.66962151	Low	STU	SAS	female
HG03693	-3.1590186	Intermediate	STU	SAS	male
HG03694	-3.2535080300000003	Intermediate	STU	SAS	male
HG03695	-3.975646099999999	Low	STU	SAS	male
HG03696	-2.6057814	Intermediate	STU	SAS	male
HG03697	-0.9248925	High	STU	SAS	male
HG03698	-2.9524470000000003	Intermediate	STU	SAS	female
HG03702	-1.9595842000000008	Intermediate	PJL	SAS	male
HG03703	-2.3957355	Intermediate	PJL	SAS	female
HG03705	-3.0776853	Intermediate	PJL	SAS	male
HG03706	-3.51523442	Intermediate	PJL	SAS	female
HG03708	-3.18446421	Intermediate	PJL	SAS	male
HG03709	-3.3069894	Intermediate	PJL	SAS	female
HG03711	-1.89213	Intermediate	STU	SAS	male
HG03713	-2.4025874	Intermediate	ITU	SAS	male
HG03714	-3.585342390000001	Low	ITU	SAS	female
HG03716	-1.2063959700000004	High	ITU	SAS	male
HG03717	-2.7259212	Intermediate	ITU	SAS	female
HG03718	-4.5154963	Low	ITU	SAS	male
HG03720	-3.894731800000001	Low	ITU	SAS	male
HG03722	-4.085740500000001	Low	ITU	SAS	female
HG03727	-3.615017	Low	ITU	SAS	male
HG03729	-3.0504972	Intermediate	ITU	SAS	male
HG03730	-2.810785799999999	Intermediate	ITU	SAS	female
HG03731	-1.5545637099999996	Intermediate	ITU	SAS	female
HG03733	-2.9308778	Intermediate	STU	SAS	female
HG03736	-2.9160877000000003	Intermediate	STU	SAS	female
HG03738	-1.9484842899999992	Intermediate	STU	SAS	male
HG03740	-3.116203600000001	Intermediate	STU	SAS	male
HG03741	-1.6791684	Intermediate	STU	SAS	female
HG03742	-2.9294745000000004	Intermediate	ITU	SAS	male
HG03743	-3.8567149	Low	STU	SAS	male
HG03744	-2.459535	Intermediate	STU	SAS	male
HG03745	-3.953388999999999	Low	STU	SAS	male
HG03746	-3.64819667	Low	STU	SAS	male
HG03750	-2.3116255	Intermediate	STU	SAS	male
HG03752	-3.11912234	Intermediate	STU	SAS	female
HG03753	-2.2712851000000005	Intermediate	STU	SAS	male
HG03754	-2.2661277	Intermediate	STU	SAS	female
HG03755	-2.8921230000000007	Intermediate	STU	SAS	male
HG03756	-3.653280009999999	Low	STU	SAS	female
HG03757	-3.2005551000000003	Intermediate	STU	SAS	female
HG03760	-2.3731185000000004	Intermediate	STU	SAS	female
HG03762	-3.086209	Intermediate	PJL	SAS	female
HG03765	-2.3423981	Intermediate	PJL	SAS	female
HG03767	-2.5219255199999995	Intermediate	PJL	SAS	male
HG03770	-3.729750099999999	Low	ITU	SAS	female
HG03771	-1.6421397999999996	Intermediate	ITU	SAS	male
HG03772	-2.60683767	Intermediate	ITU	SAS	female
HG03773	-2.709014300000001	Intermediate	ITU	SAS	male
HG03774	-4.073717399999999	Low	ITU	SAS	female
HG03775	-4.087675169999999	Low	ITU	SAS	male
HG03777	-4.035585499999999	Low	ITU	SAS	male
HG03778	-3.3526784999999992	Intermediate	ITU	SAS	male
HG03779	-2.1871976	Intermediate	ITU	SAS	male
HG03780	-2.8713367000000005	Intermediate	ITU	SAS	female
HG03781	-2.7254349	Intermediate	ITU	SAS	female
HG03782	-2.7281484000000003	Intermediate	ITU	SAS	female
HG03784	-4.1409369	Low	ITU	SAS	female
HG03785	-3.0356197	Intermediate	ITU	SAS	male
HG03786	-3.3010484999999994	Intermediate	ITU	SAS	male
HG03787	-2.2399690000000003	Intermediate	ITU	SAS	female
HG03788	-1.5800289900000004	Intermediate	ITU	SAS	male
HG03789	-2.0378624000000003	Intermediate	ITU	SAS	female
HG03790	-1.8318903000000009	Intermediate	ITU	SAS	male
HG03792	-2.15443915	Intermediate	ITU	SAS	male
HG03793	-2.6656937	Intermediate	BEB	SAS	female
HG03796	-2.97092174	Intermediate	BEB	SAS	female
HG03800	-0.6634142999999995	High	BEB	SAS	male
HG03802	-1.1693842200000002	High	BEB	SAS	female
HG03803	-2.8317754	Intermediate	BEB	SAS	male
HG03805	-2.727856299999999	Intermediate	BEB	SAS	female
HG03808	-4.212818463999999	Low	BEB	SAS	female
HG03809	-2.8744538800000003	Intermediate	BEB	SAS	male
HG03812	-3.3113478999999995	Intermediate	BEB	SAS	male
HG03814	-2.79845987	Intermediate	BEB	SAS	female
HG03815	-2.815303399999999	Intermediate	BEB	SAS	male
HG03817	-0.5584936	High	BEB	SAS	female
HG03821	-2.6663166999999994	Intermediate	BEB	SAS	male
HG03823	-2.1326055900000003	Intermediate	BEB	SAS	female
HG03824	-3.2680038	Intermediate	BEB	SAS	male
HG03826	-2.8161439	Intermediate	BEB	SAS	female
HG03829	-2.9364491	Intermediate	BEB	SAS	female
HG03830	-1.8291663	Intermediate	BEB	SAS	male
HG03832	-2.0005279	Intermediate	BEB	SAS	female
HG03833	-3.5088156	Intermediate	BEB	SAS	male
HG03836	-2.1123566999999994	Intermediate	STU	SAS	female
HG03837	-3.1424104000000006	Intermediate	STU	SAS	male
HG03838	-2.1071509	Intermediate	STU	SAS	female
HG03844	-1.950227940000001	Intermediate	STU	SAS	male
HG03846	-3.8611673	Low	STU	SAS	male
HG03848	-1.766255635999999	Intermediate	STU	SAS	male
HG03849	-1.8312111	Intermediate	STU	SAS	female
HG03850	-2.1650579	Intermediate	STU	SAS	male
HG03851	-1.2394904999999996	High	STU	SAS	male
HG03854	-2.113470140999999	Intermediate	STU	SAS	male
HG03856	-3.295292800000001	Intermediate	STU	SAS	male
HG03857	-0.7890903000000002	High	STU	SAS	female
HG03858	-2.78400307	Intermediate	STU	SAS	female
HG03861	-4.175358800000001	Low	ITU	SAS	female
HG03862	-1.5324417999999995	Intermediate	ITU	SAS	female
HG03863	-2.9942331999999987	Intermediate	ITU	SAS	female
HG03864	-1.534167300000001	Intermediate	ITU	SAS	male
HG03866	-1.4567759000000005	Intermediate	ITU	SAS	male
HG03867	-3.3192153	Intermediate	ITU	SAS	male
HG03868	-2.2124305	Intermediate	ITU	SAS	female
HG03869	-1.8353070999999992	Intermediate	ITU	SAS	male
HG03870	-2.52367225	Intermediate	ITU	SAS	male
HG03871	-1.3308256999999997	Intermediate	ITU	SAS	male
HG03872	-3.0258169	Intermediate	ITU	SAS	male
HG03873	-4.01474084	Low	ITU	SAS	female
HG03874	-2.8267172	Intermediate	ITU	SAS	female
HG03875	-2.2859126999999995	Intermediate	ITU	SAS	male
HG03882	-3.6542189	Low	ITU	SAS	female
HG03884	-2.8820961	Intermediate	STU	SAS	female
HG03885	-2.8539522000000006	Intermediate	STU	SAS	male
HG03886	-1.8830051	Intermediate	STU	SAS	female
HG03887	-2.7142603599999995	Intermediate	STU	SAS	male
HG03888	-0.3734629200000006	High	STU	SAS	female
HG03890	-3.9640811	Low	STU	SAS	male
HG03894	-2.873578299999999	Intermediate	STU	SAS	female
HG03895	-2.2620079	Intermediate	STU	SAS	female
HG03896	-1.9970300000000003	Intermediate	STU	SAS	male
HG03897	-0.8833485000000005	High	STU	SAS	female
HG03898	-3.528373400000001	Intermediate	STU	SAS	female
HG03899	-3.0266617	Intermediate	STU	SAS	male
HG03900	-4.0549518	Low	STU	SAS	male
HG03902	-4.1816026	Low	BEB	SAS	male
HG03905	-1.7202145899999994	Intermediate	BEB	SAS	male
HG03907	-2.8228041000000004	Intermediate	BEB	SAS	female
HG03908	-1.5801814999999997	Intermediate	BEB	SAS	male
HG03910	-3.504981	Intermediate	BEB	SAS	female
HG03911	-3.589493	Low	BEB	SAS	male
HG03913	-2.953208000000001	Intermediate	BEB	SAS	female
HG03914	-1.46349863	Intermediate	BEB	SAS	male
HG03916	-1.4176023099999997	Intermediate	BEB	SAS	female
HG03917	-2.9420550000000008	Intermediate	BEB	SAS	male
HG03919	-2.5350683400000014	Intermediate	BEB	SAS	female
HG03920	-1.9779790999999995	Intermediate	BEB	SAS	male
HG03922	-3.2755224000000007	Intermediate	BEB	SAS	female
HG03925	-2.56543563	Intermediate	BEB	SAS	female
HG03926	-2.8712801	Intermediate	BEB	SAS	male
HG03928	-1.4237578299999996	Intermediate	BEB	SAS	female
HG03931	-2.395569	Intermediate	BEB	SAS	female
HG03934	-2.247126899999999	Intermediate	BEB	SAS	female
HG03937	-2.4317889700000004	Intermediate	BEB	SAS	female
HG03940	-2.239735499999999	Intermediate	BEB	SAS	female
HG03941	-1.2852553200000003	High	BEB	SAS	male
HG03943	-2.8164131300000004	Intermediate	STU	SAS	male
HG03944	-3.3873324	Intermediate	STU	SAS	female
HG03945	-2.9148167000000007	Intermediate	STU	SAS	female
HG03947	-1.5837829	Intermediate	STU	SAS	female
HG03949	-1.5904147000000008	Intermediate	STU	SAS	female
HG03950	-2.4705906	Intermediate	STU	SAS	male
HG03951	-2.7211075	Intermediate	STU	SAS	female
HG03953	-1.6467991700000002	Intermediate	STU	SAS	male
HG03955	-1.7220795000000009	Intermediate	STU	SAS	female
HG03960	-2.897768	Intermediate	ITU	SAS	male
HG03963	-1.88616672	Intermediate	ITU	SAS	male
HG03965	-2.08381599	Intermediate	ITU	SAS	male
HG03967	-2.2198836000000006	Intermediate	ITU	SAS	male
HG03968	-2.325127	Intermediate	ITU	SAS	female
HG03969	-2.9404383499999995	Intermediate	ITU	SAS	male
HG03971	-2.156289120000001	Intermediate	ITU	SAS	male
HG03973	-2.0002951	Intermediate	ITU	SAS	female
HG03974	-3.1215442	Intermediate	ITU	SAS	male
HG03976	-4.233058980000001	Low	ITU	SAS	male
HG03977	-2.5754608000000005	Intermediate	ITU	SAS	female
HG03978	-2.7596978	Intermediate	ITU	SAS	male
HG03985	-3.00697548	Intermediate	STU	SAS	male
HG03986	-2.8407411	Intermediate	STU	SAS	female
HG03989	-1.3051208	Intermediate	STU	SAS	female
HG03990	-1.969987	Intermediate	STU	SAS	male
HG03991	-2.1968796	Intermediate	STU	SAS	male
HG03995	-2.0955819999999994	Intermediate	STU	SAS	female
HG03998	-3.4091792999999995	Intermediate	STU	SAS	male
HG03999	-3.9476347	Low	STU	SAS	male
HG04001	-2.7495117000000016	Intermediate	ITU	SAS	female
HG04002	-3.100520500000001	Intermediate	ITU	SAS	male
HG04003	-3.6785552999999993	Low	STU	SAS	male
HG04006	-3.2453232	Intermediate	STU	SAS	male
HG04014	-2.7950125000000003	Intermediate	ITU	SAS	female
HG04015	-1.7131093999999998	Intermediate	ITU	SAS	male
HG04017	-3.9584854	Low	ITU	SAS	male
HG04018	-3.2663934	Intermediate	ITU	SAS	female
HG04019	-3.2175366100000007	Intermediate	ITU	SAS	male
HG04020	-2.0651645000000003	Intermediate	ITU	SAS	male
HG04022	-1.7905836	Intermediate	ITU	SAS	male
HG04023	-2.9808575	Intermediate	ITU	SAS	male
HG04025	-3.3759833	Intermediate	ITU	SAS	female
HG04026	-2.143428070000001	Intermediate	ITU	SAS	female
HG04029	-2.03426177	Intermediate	STU	SAS	female
HG04033	-1.02055526	High	STU	SAS	male
HG04035	-1.7876669	Intermediate	STU	SAS	female
HG04038	-3.229211699999999	Intermediate	STU	SAS	female
HG04039	-2.5297534	Intermediate	STU	SAS	male
HG04042	-2.667948999999999	Intermediate	STU	SAS	female
HG04047	-3.7192083	Low	STU	SAS	female
HG04054	-2.0669656	Intermediate	ITU	SAS	female
HG04056	-3.639902199999999	Low	ITU	SAS	male
HG04059	-3.1137844	Intermediate	ITU	SAS	female
HG04060	-3.7999932	Low	ITU	SAS	male
HG04061	-3.951145860000001	Low	ITU	SAS	male
HG04062	-3.134389032	Intermediate	ITU	SAS	female
HG04063	-3.3617184	Intermediate	ITU	SAS	female
HG04070	-1.9688352999999992	Intermediate	ITU	SAS	female
HG04075	-1.7782044999999995	Intermediate	STU	SAS	female
HG04076	-2.3352867	Intermediate	ITU	SAS	female
HG04080	-2.63807851	Intermediate	ITU	SAS	male
HG04090	-1.7045753999999995	Intermediate	ITU	SAS	female
HG04093	-2.9552693000000003	Intermediate	ITU	SAS	male
HG04094	-2.92583037	Intermediate	ITU	SAS	male
HG04096	-2.4444968090000003	Intermediate	ITU	SAS	male
HG04098	-3.4607654000000005	Intermediate	ITU	SAS	male
HG04099	-2.72849322	Intermediate	STU	SAS	female
HG04100	-2.6457852999999987	Intermediate	STU	SAS	male
HG04106	-3.040086	Intermediate	STU	SAS	female
HG04107	-3.027289100000001	Intermediate	STU	SAS	male
HG04118	-3.399945399999999	Intermediate	ITU	SAS	female
HG04131	-3.2262301199999994	Intermediate	BEB	SAS	male
HG04134	-2.9436166000000004	Intermediate	BEB	SAS	male
HG04140	-3.809135	Low	BEB	SAS	male
HG04141	-1.6933287000000006	Intermediate	BEB	SAS	female
HG04144	-3.3164289000000005	Intermediate	BEB	SAS	female
HG04146	-1.4716728000000003	Intermediate	BEB	SAS	male
HG04152	-3.862145570000001	Low	BEB	SAS	male
HG04153	-2.059311400000001	Intermediate	BEB	SAS	female
HG04155	-3.2364543500000003	Intermediate	BEB	SAS	male
HG04156	-1.5624104000000008	Intermediate	BEB	SAS	female
HG04158	-2.625869719999999	Intermediate	BEB	SAS	male
HG04159	-2.96171035	Intermediate	BEB	SAS	female
HG04161	-3.75044854	Low	BEB	SAS	male
HG04162	-3.4664684999999995	Intermediate	BEB	SAS	female
HG04164	-3.6129702	Low	BEB	SAS	male
HG04171	-1.7673527000000002	Intermediate	BEB	SAS	female
HG04173	-1.6099564	Intermediate	BEB	SAS	male
HG04176	-3.3492817000000006	Intermediate	BEB	SAS	male
HG04177	-2.3790035	Intermediate	BEB	SAS	female
HG04180	-3.0168006799999985	Intermediate	BEB	SAS	female
HG04182	-2.7634940299999995	Intermediate	BEB	SAS	male
HG04183	-2.857244371	Intermediate	BEB	SAS	female
HG04185	-2.0431652	Intermediate	BEB	SAS	male
HG04186	-3.0738983	Intermediate	BEB	SAS	female
HG04188	-2.6755531	Intermediate	BEB	SAS	male
HG04189	-2.3576367	Intermediate	BEB	SAS	female
HG04194	-1.5202757000000005	Intermediate	BEB	SAS	male
HG04195	-2.26763341	Intermediate	BEB	SAS	female
HG04198	-3.4915393000000003	Intermediate	ITU	SAS	male
HG04200	-2.6799927999999995	Intermediate	ITU	SAS	female
HG04202	-2.3901144100000007	Intermediate	ITU	SAS	female
HG04206	-1.5359687000000009	Intermediate	ITU	SAS	male
HG04209	-1.9468484	Intermediate	ITU	SAS	female
HG04210	-2.9841789	Intermediate	STU	SAS	male
HG04211	-2.6008757000000013	Intermediate	ITU	SAS	male
HG04212	-1.8461661000000005	Intermediate	ITU	SAS	female
HG04214	-2.83085242	Intermediate	ITU	SAS	female
HG04216	-2.305502799999999	Intermediate	ITU	SAS	female
HG04219	-2.2697996000000003	Intermediate	ITU	SAS	male
HG04222	-2.4526015	Intermediate	ITU	SAS	male
HG04225	-2.2990584	Intermediate	ITU	SAS	male
HG04227	-1.7867875400000008	Intermediate	STU	SAS	female
HG04229	-1.8849177000000004	Intermediate	STU	SAS	male
HG04235	-3.15106795	Intermediate	ITU	SAS	male
HG04238	-3.07264559	Intermediate	ITU	SAS	male
HG04239	-3.5458976000000004	Intermediate	ITU	SAS	male
NA06984	-3.9980456000000006	Low	CEU	EUR	male
NA06985	-1.6162258	Intermediate	CEU	EUR	female
NA06986	-4.4000995	Low	CEU	EUR	male
NA06989	-3.787826699999999	Low	CEU	EUR	female
NA06994	-3.1199435000000006	Intermediate	CEU	EUR	male
NA07000	-3.8446794	Low	CEU	EUR	female
NA07037	-3.2944490000000006	Intermediate	CEU	EUR	female
NA07048	-2.7759578	Intermediate	CEU	EUR	male
NA07051	-2.5313997	Intermediate	CEU	EUR	male
NA07056	-2.8523467000000005	Intermediate	CEU	EUR	female
NA07347	-3.0905325	Intermediate	CEU	EUR	male
NA07357	-2.6389210999999992	Intermediate	CEU	EUR	male
NA10847	-3.0630789000000007	Intermediate	CEU	EUR	female
NA10851	-4.541108619999999	Low	CEU	EUR	male
NA11829	-5.332674760000001	Low	CEU	EUR	male
NA11830	-3.8018838	Low	CEU	EUR	female
NA11831	-1.9283567	Intermediate	CEU	EUR	male
NA11832	-1.4547810000000003	Intermediate	CEU	EUR	female
NA11840	-4.1720856	Low	CEU	EUR	female
NA11843	-3.2107700999999995	Intermediate	CEU	EUR	male
NA11881	-0.7119981	High	CEU	EUR	male
NA11892	-4.211810000000001	Low	CEU	EUR	female
NA11893	-4.9132243	Low	CEU	EUR	male
NA11894	-2.6751897000000007	Intermediate	CEU	EUR	female
NA11918	-2.783173299999999	Intermediate	CEU	EUR	female
NA11919	-4.062585299999999	Low	CEU	EUR	male
NA11920	-5.328549300000001	Low	CEU	EUR	female
NA11930	-2.04954376	Intermediate	CEU	EUR	male
NA11931	-1.8256266000000003	Intermediate	CEU	EUR	female
NA11932	-3.8425311	Low	CEU	EUR	male
NA11933	-3.7768013	Low	CEU	EUR	female
NA11992	-2.2802088	Intermediate	CEU	EUR	male
NA11994	-3.6620013	Low	CEU	EUR	male
NA11995	-2.522555000000001	Intermediate	CEU	EUR	female
NA12003	-2.132024699999999	Intermediate	CEU	EUR	male
NA12004	-1.5056179999999992	Intermediate	CEU	EUR	female
NA12005	-1.2153490999999994	High	CEU	EUR	male
NA12006	-1.898741099999999	Intermediate	CEU	EUR	female
NA12043	-3.963597499999999	Low	CEU	EUR	male
NA12044	-2.1023675000000006	Intermediate	CEU	EUR	female
NA12045	-3.8220144	Low	CEU	EUR	male
NA12046	-4.3335763	Low	CEU	EUR	female
NA12058	-4.70990533	Low	CEU	EUR	female
NA12144	-4.519225499999999	Low	CEU	EUR	male
NA12154	-4.4235216999999984	Low	CEU	EUR	male
NA12155	-4.04977769	Low	CEU	EUR	male
NA12156	-4.897386500000001	Low	CEU	EUR	female
NA12234	-4.99931923	Low	CEU	EUR	female
NA12249	-4.1639671	Low	CEU	EUR	female
NA12272	-4.9001761	Low	CEU	EUR	male
NA12273	-4.3170895	Low	CEU	EUR	female
NA12275	-2.8836094	Intermediate	CEU	EUR	female
NA12282	-3.1215569400000005	Intermediate	CEU	EUR	male
NA12283	-3.8450833	Low	CEU	EUR	female
NA12286	-4.196738799999999	Low	CEU	EUR	male
NA12287	-2.6360119	Intermediate	CEU	EUR	female
NA12340	-2.093831	Intermediate	CEU	EUR	male
NA12341	-3.350483447	Intermediate	CEU	EUR	female
NA12342	-2.678897970000001	Intermediate	CEU	EUR	male
NA12347	-3.503599	Intermediate	CEU	EUR	male
NA12348	-4.3417397	Low	CEU	EUR	female
NA12383	-5.147492600000001	Low	CEU	EUR	female
NA12399	-3.4213307000000004	Intermediate	CEU	EUR	male
NA12400	-2.7102281999999995	Intermediate	CEU	EUR	female
NA12413	-0.7058549000000001	High	CEU	EUR	male
NA12414	-3.0055643	Intermediate	CEU	EUR	female
NA12489	-4.6618244	Low	CEU	EUR	female
NA12546	-2.998337380000001	Intermediate	CEU	EUR	male
NA12716	-4.805306930000001	Low	CEU	EUR	male
NA12717	-2.673476000000001	Intermediate	CEU	EUR	female
NA12718	-3.4526174	Intermediate	CEU	EUR	female
NA12748	-3.63747806	Low	CEU	EUR	male
NA12749	-3.3913032000000007	Intermediate	CEU	EUR	female
NA12750	-2.3636908999999995	Intermediate	CEU	EUR	male
NA12751	-4.1125069	Low	CEU	EUR	female
NA12760	-4.791091600000001	Low	CEU	EUR	male
NA12761	-1.5880861999999991	Intermediate	CEU	EUR	female
NA12762	-4.9608361	Low	CEU	EUR	male
NA12763	-3.677226800000001	Low	CEU	EUR	female
NA12775	-4.224743	Low	CEU	EUR	male
NA12776	-3.2161347000000005	Intermediate	CEU	EUR	female
NA12777	-2.8914044	Intermediate	CEU	EUR	male
NA12778	-3.5180205	Intermediate	CEU	EUR	female
NA12812	-4.3195349	Low	CEU	EUR	male
NA12813	-3.6147856	Low	CEU	EUR	female
NA12814	-2.0248686000000005	Intermediate	CEU	EUR	male
NA12815	-2.1567648000000004	Intermediate	CEU	EUR	female
NA12827	-1.99633259	Intermediate	CEU	EUR	male
NA12828	-3.6632975	Low	CEU	EUR	female
NA12829	-3.0241846	Intermediate	CEU	EUR	male
NA12830	-5.279733199999998	Low	CEU	EUR	female
NA12842	-3.2975640000000013	Intermediate	CEU	EUR	male
NA12843	-1.7468079000000003	Intermediate	CEU	EUR	female
NA12872	-4.104348600000001	Low	CEU	EUR	male
NA12873	0.4609229000000004	High	CEU	EUR	female
NA12874	-2.5781720000000004	Intermediate	CEU	EUR	male
NA12878	-2.127498400000001	Intermediate	CEU	EUR	female
NA12889	-2.49494021	Intermediate	CEU	EUR	male
NA12890	-3.135354778	Intermediate	CEU	EUR	female
NA18486	-0.1242776999999997	High	YRI	AFR	male
NA18488	-0.6921999999999995	High	YRI	AFR	female
NA18489	-1.0886643000000005	High	YRI	AFR	female
NA18498	1.153771600000001	High	YRI	AFR	male
NA18499	-1.0852893699999997	High	YRI	AFR	female
NA18501	-0.2321511800000007	High	YRI	AFR	male
NA18502	-1.6293218000000007	Intermediate	YRI	AFR	female
NA18504	-1.0301877999999998	High	YRI	AFR	male
NA18505	0.1896394200000003	High	YRI	AFR	female
NA18507	-0.8435619499999998	High	YRI	AFR	male
NA18508	-0.8275629000000003	High	YRI	AFR	female
NA18510	-0.9771316999999996	High	YRI	AFR	male
NA18511	-1.8525061000000007	Intermediate	YRI	AFR	female
NA18516	-2.2376190000000005	Intermediate	YRI	AFR	male
NA18517	-0.4394259000000003	High	YRI	AFR	female
NA18519	0.5250743700000002	High	YRI	AFR	male
NA18520	-0.5885219000000006	High	YRI	AFR	female
NA18522	-0.6542257800000002	High	YRI	AFR	male
NA18523	-1.4108976999999998	Intermediate	YRI	AFR	female
NA18525	-3.456789399999999	Intermediate	CHB	EAS	female
NA18526	-1.984399079	Intermediate	CHB	EAS	female
NA18528	-3.7377048	Low	CHB	EAS	female
NA18530	-3.4574732000000004	Intermediate	CHB	EAS	male
NA18531	-3.7464451	Low	CHB	EAS	female
NA18532	-3.7087085	Low	CHB	EAS	female
NA18533	-3.62012423	Low	CHB	EAS	female
NA18534	-2.9061135999999994	Intermediate	CHB	EAS	male
NA18535	-1.0590337000000003	High	CHB	EAS	female
NA18536	-2.8378452599999995	Intermediate	CHB	EAS	male
NA18537	-2.0809180000000005	Intermediate	CHB	EAS	female
NA18538	-3.361498800000001	Intermediate	CHB	EAS	female
NA18539	-3.4859858900000007	Intermediate	CHB	EAS	female
NA18541	-2.549849799999999	Intermediate	CHB	EAS	female
NA18542	-1.3383960000000008	Intermediate	CHB	EAS	female
NA18543	-1.71440581	Intermediate	CHB	EAS	male
NA18544	-4.095938100000001	Low	CHB	EAS	male
NA18545	-3.5152456	Intermediate	CHB	EAS	female
NA18546	-2.8244510000000003	Intermediate	CHB	EAS	male
NA18547	-1.0113455	High	CHB	EAS	female
NA18548	-3.286184599999999	Intermediate	CHB	EAS	male
NA18549	-3.5586865000000003	Intermediate	CHB	EAS	male
NA18550	-2.8678069350000004	Intermediate	CHB	EAS	female
NA18552	-3.428333234	Intermediate	CHB	EAS	female
NA18553	-3.3694621	Intermediate	CHB	EAS	female
NA18555	-3.5824152	Low	CHB	EAS	female
NA18557	-3.2593082999999994	Intermediate	CHB	EAS	male
NA18558	-2.9313966	Intermediate	CHB	EAS	male
NA18559	-2.637911887999999	Intermediate	CHB	EAS	male
NA18560	-3.3606952000000003	Intermediate	CHB	EAS	female
NA18561	-2.2499083000000004	Intermediate	CHB	EAS	male
NA18562	-4.1081525	Low	CHB	EAS	male
NA18563	-3.8448894	Low	CHB	EAS	male
NA18564	-3.739611499999999	Low	CHB	EAS	female
NA18565	-3.148739199999999	Intermediate	CHB	EAS	female
NA18566	-2.5349333	Intermediate	CHB	EAS	female
NA18567	-3.3662806	Intermediate	CHB	EAS	female
NA18570	-2.3735710000000005	Intermediate	CHB	EAS	female
NA18571	-2.9517027000000007	Intermediate	CHB	EAS	female
NA18572	-3.29100521	Intermediate	CHB	EAS	male
NA18573	-4.169170249999999	Low	CHB	EAS	female
NA18574	-4.0901293	Low	CHB	EAS	female
NA18577	-3.971401700000001	Low	CHB	EAS	female
NA18579	-3.6541604	Low	CHB	EAS	female
NA18582	-3.3324475	Intermediate	CHB	EAS	female
NA18591	-2.4506466	Intermediate	CHB	EAS	female
NA18592	-2.3958895	Intermediate	CHB	EAS	female
NA18593	-3.330450733000001	Intermediate	CHB	EAS	female
NA18595	-0.4990778999999999	High	CHB	EAS	female
NA18596	-3.3171437	Intermediate	CHB	EAS	female
NA18597	-4.752825700000001	Low	CHB	EAS	female
NA18599	-3.2511775	Intermediate	CHB	EAS	female
NA18602	-2.2944388000000004	Intermediate	CHB	EAS	female
NA18603	-3.3199543	Intermediate	CHB	EAS	male
NA18605	-3.5132203000000004	Intermediate	CHB	EAS	male
NA18606	-3.4500879	Intermediate	CHB	EAS	male
NA18608	-3.5296984	Intermediate	CHB	EAS	male
NA18609	-3.049552900000001	Intermediate	CHB	EAS	male
NA18610	-1.2224406999999995	High	CHB	EAS	female
NA18611	-3.299798299999999	Intermediate	CHB	EAS	male
NA18612	-2.446655	Intermediate	CHB	EAS	male
NA18613	-2.5710766	Intermediate	CHB	EAS	male
NA18614	-2.7831302	Intermediate	CHB	EAS	female
NA18615	-3.2285578000000004	Intermediate	CHB	EAS	female
NA18616	-3.0775600999999995	Intermediate	CHB	EAS	female
NA18617	-2.0064613	Intermediate	CHB	EAS	female
NA18618	-4.2245513	Low	CHB	EAS	female
NA18619	-3.3880338999999995	Intermediate	CHB	EAS	female
NA18620	-3.7466273	Low	CHB	EAS	male
NA18621	-3.6961354	Low	CHB	EAS	male
NA18622	-3.8034278000000006	Low	CHB	EAS	male
NA18623	-5.2018573	Low	CHB	EAS	male
NA18624	-3.0278711000000014	Intermediate	CHB	EAS	male
NA18625	-2.987445841	Intermediate	CHB	EAS	female
NA18626	-3.116872799999999	Intermediate	CHB	EAS	female
NA18627	-3.493737799999999	Intermediate	CHB	EAS	female
NA18628	-3.1958185	Intermediate	CHB	EAS	female
NA18629	-3.6401562	Low	CHB	EAS	male
NA18630	-3.205153399999999	Intermediate	CHB	EAS	female
NA18631	-3.151077500000001	Intermediate	CHB	EAS	female
NA18632	-3.536581700000001	Intermediate	CHB	EAS	male
NA18633	-3.3708849699999988	Intermediate	CHB	EAS	male
NA18634	-2.9949968	Intermediate	CHB	EAS	female
NA18635	-3.58145689	Low	CHB	EAS	male
NA18636	-3.144567500000001	Intermediate	CHB	EAS	male
NA18637	-3.4941848	Intermediate	CHB	EAS	male
NA18638	-2.69867997	Intermediate	CHB	EAS	male
NA18639	-4.0482555	Low	CHB	EAS	male
NA18640	-2.9146157000000006	Intermediate	CHB	EAS	female
NA18641	-2.7061548	Intermediate	CHB	EAS	female
NA18642	-2.5097954	Intermediate	CHB	EAS	female
NA18643	-3.4007252999999995	Intermediate	CHB	EAS	male
NA18644	-3.4908809	Intermediate	CHB	EAS	female
NA18645	-3.0543851	Intermediate	CHB	EAS	male
NA18646	-4.157588877	Low	CHB	EAS	female
NA18647	-3.87971959	Low	CHB	EAS	male
NA18648	-3.131285	Intermediate	CHB	EAS	male
NA18740	-2.3325746999999994	Intermediate	CHB	EAS	male
NA18745	-5.0327695	Low	CHB	EAS	male
NA18747	-1.6630409000000002	Intermediate	CHB	EAS	male
NA18748	-1.916544834	Intermediate	CHB	EAS	male
NA18749	-4.6898911	Low	CHB	EAS	male
NA18757	-1.8701006539999991	Intermediate	CHB	EAS	male
NA18853	-1.3360728899999996	Intermediate	YRI	AFR	male
NA18856	-0.4452592999999996	High	YRI	AFR	male
NA18858	0.335985	High	YRI	AFR	female
NA18861	-1.1058242999999996	High	YRI	AFR	female
NA18864	-0.8496925990000003	High	YRI	AFR	female
NA18865	-0.2227884999999994	High	YRI	AFR	male
NA18867	-0.3783913599999999	High	YRI	AFR	female
NA18868	-1.2782817000000002	High	YRI	AFR	male
NA18870	-2.2646689600000003	Intermediate	YRI	AFR	female
NA18871	-1.3200851300000005	Intermediate	YRI	AFR	male
NA18873	0.1440359000000006	High	YRI	AFR	female
NA18874	-1.3931999300000002	Intermediate	YRI	AFR	male
NA18876	-1.4881439999999997	Intermediate	YRI	AFR	female
NA18877	-1.1266553999999995	High	YRI	AFR	male
NA18878	-0.0001982000000002	High	YRI	AFR	female
NA18879	-1.5490350000000002	Intermediate	YRI	AFR	male
NA18881	-0.8766421999999997	High	YRI	AFR	female
NA18907	0.1257897700000002	High	YRI	AFR	female
NA18908	-1.2642914000000005	High	YRI	AFR	male
NA18909	-0.4060324999999999	High	YRI	AFR	female
NA18910	-0.8466467000000005	High	YRI	AFR	male
NA18912	-1.4997743	Intermediate	YRI	AFR	female
NA18915	-1.013728000000001	High	YRI	AFR	male
NA18916	-0.1161674999999994	High	YRI	AFR	female
NA18917	-0.5856744000000003	High	YRI	AFR	male
NA18923	0.0770216800000003	High	YRI	AFR	male
NA18924	-0.9107773000000003	High	YRI	AFR	female
NA18933	-0.6833998199999995	High	YRI	AFR	female
NA18934	-0.9970523000000008	High	YRI	AFR	male
NA18939	-1.7131046999999993	Intermediate	JPT	EAS	female
NA18940	-3.1777990000000003	Intermediate	JPT	EAS	male
NA18941	-3.009830900000001	Intermediate	JPT	EAS	female
NA18942	-3.4669804700000006	Intermediate	JPT	EAS	female
NA18943	-4.456518599999999	Low	JPT	EAS	male
NA18944	-3.0962101	Intermediate	JPT	EAS	male
NA18945	-3.57376665	Low	JPT	EAS	male
NA18946	-3.908205000000001	Low	JPT	EAS	female
NA18947	-2.3755622	Intermediate	JPT	EAS	female
NA18948	-3.4753816	Intermediate	JPT	EAS	male
NA18949	-2.02558649	Intermediate	JPT	EAS	female
NA18950	-3.638903200000001	Low	JPT	EAS	female
NA18951	-2.716579077	Intermediate	JPT	EAS	female
NA18952	-3.1143685000000003	Intermediate	JPT	EAS	male
NA18953	-3.02803631	Intermediate	JPT	EAS	male
NA18954	-3.680769	Low	JPT	EAS	female
NA18956	-3.81028502	Low	JPT	EAS	female
NA18957	-4.499671400000001	Low	JPT	EAS	female
NA18959	-2.241881	Intermediate	JPT	EAS	male
NA18960	-2.973815600000001	Intermediate	JPT	EAS	male
NA18961	-3.4040847400000005	Intermediate	JPT	EAS	male
NA18962	-2.59172034	Intermediate	JPT	EAS	male
NA18963	-2.9473211	Intermediate	JPT	EAS	female
NA18964	-2.81548249	Intermediate	JPT	EAS	female
NA18965	-3.337169500000001	Intermediate	JPT	EAS	male
NA18966	-2.580368700000001	Intermediate	JPT	EAS	male
NA18967	-4.035136499999999	Low	JPT	EAS	male
NA18968	-3.2193709	Intermediate	JPT	EAS	female
NA18969	-3.0102791000000013	Intermediate	JPT	EAS	female
NA18970	-2.5111083900000004	Intermediate	JPT	EAS	male
NA18971	-3.9804735	Low	JPT	EAS	male
NA18972	-2.8620535	Intermediate	JPT	EAS	female
NA18973	-3.39826638	Intermediate	JPT	EAS	female
NA18974	-3.6359871999999993	Low	JPT	EAS	male
NA18975	-3.40899101	Intermediate	JPT	EAS	female
NA18976	-3.1560993	Intermediate	JPT	EAS	female
NA18977	-4.2957666	Low	JPT	EAS	male
NA18978	-3.0440786200000014	Intermediate	JPT	EAS	female
NA18979	-3.155964400000001	Intermediate	JPT	EAS	female
NA18980	-3.5816528299999995	Low	JPT	EAS	female
NA18981	-3.167503860000001	Intermediate	JPT	EAS	female
NA18982	-3.142182799999999	Intermediate	JPT	EAS	male
NA18983	-3.2883867	Intermediate	JPT	EAS	male
NA18984	-2.5967755089999995	Intermediate	JPT	EAS	male
NA18985	-1.5947038999999998	Intermediate	JPT	EAS	male
NA18986	-3.422295	Intermediate	JPT	EAS	male
NA18987	-3.803964600000002	Low	JPT	EAS	female
NA18988	-3.3387111200000006	Intermediate	JPT	EAS	male
NA18989	-2.8717371000000003	Intermediate	JPT	EAS	male
NA18990	-3.1489861	Intermediate	JPT	EAS	male
NA18991	-3.5423785300000006	Intermediate	JPT	EAS	female
NA18992	-2.2427760999999995	Intermediate	JPT	EAS	female
NA18993	-4.044944800000001	Low	JPT	EAS	female
NA18994	-2.2782663900000006	Intermediate	JPT	EAS	male
NA18995	-3.2091772	Intermediate	JPT	EAS	male
NA18997	-2.6272406000000004	Intermediate	JPT	EAS	female
NA18998	-3.53224196	Intermediate	JPT	EAS	female
NA18999	-3.238676500000001	Intermediate	JPT	EAS	female
NA19000	-3.0939792000000006	Intermediate	JPT	EAS	male
NA19001	-4.636278300000002	Low	JPT	EAS	female
NA19002	-2.8912115000000007	Intermediate	JPT	EAS	female
NA19003	-3.2850329999999994	Intermediate	JPT	EAS	female
NA19004	-3.5905682000000008	Low	JPT	EAS	male
NA19005	-2.5167868	Intermediate	JPT	EAS	male
NA19006	-3.7367737	Low	JPT	EAS	male
NA19007	-3.6348165999999993	Low	JPT	EAS	male
NA19009	-1.7867564999999996	Intermediate	JPT	EAS	male
NA19010	-4.142957300000001	Low	JPT	EAS	female
NA19011	-3.247859900000001	Intermediate	JPT	EAS	female
NA19012	-3.508604157500001	Intermediate	JPT	EAS	male
NA19017	0.5631569999999999	High	LWK	AFR	female
NA19019	-1.4088154000000006	Intermediate	LWK	AFR	female
NA19020	-0.4983780000000009	High	LWK	AFR	male
NA19023	-0.7807825630000004	High	LWK	AFR	female
NA19024	-0.2085491999999998	High	LWK	AFR	female
NA19025	-0.1767937000000001	High	LWK	AFR	male
NA19026	-0.2983202900000007	High	LWK	AFR	male
NA19027	1.2711563600000002	High	LWK	AFR	male
NA19028	-0.3174574000000005	High	LWK	AFR	male
NA19030	-0.2441582999999998	High	LWK	AFR	female
NA19031	-0.8855065999999994	High	LWK	AFR	male
NA19035	-1.6180587	Intermediate	LWK	AFR	male
NA19036	0.2799352999999999	High	LWK	AFR	female
NA19037	-0.8390981999999995	High	LWK	AFR	female
NA19038	-1.1014044000000005	High	LWK	AFR	female
NA19041	-1.0848598	High	LWK	AFR	male
NA19042	-0.272543200000001	High	LWK	AFR	female
NA19043	0.312010600000001	High	LWK	AFR	male
NA19054	-3.0463113	Intermediate	JPT	EAS	female
NA19055	-3.995146010000001	Low	JPT	EAS	male
NA19056	-3.3785429	Intermediate	JPT	EAS	male
NA19057	-3.3855035999999994	Intermediate	JPT	EAS	female
NA19058	-2.90624318	Intermediate	JPT	EAS	male
NA19059	-4.233162500000001	Low	JPT	EAS	female
NA19060	-2.25422719	Intermediate	JPT	EAS	male
NA19062	-2.5769234	Intermediate	JPT	EAS	male
NA19063	-3.62666113	Low	JPT	EAS	male
NA19064	-3.857753	Low	JPT	EAS	female
NA19065	-3.3966478	Intermediate	JPT	EAS	female
NA19066	-2.806322699999999	Intermediate	JPT	EAS	male
NA19067	-2.7741506	Intermediate	JPT	EAS	male
NA19068	-2.7115934000000004	Intermediate	JPT	EAS	male
NA19070	-2.753391116	Intermediate	JPT	EAS	male
NA19072	-3.0201965000000004	Intermediate	JPT	EAS	male
NA19074	-3.49056279	Intermediate	JPT	EAS	female
NA19075	-3.2901576399999994	Intermediate	JPT	EAS	male
NA19076	-2.399854483	Intermediate	JPT	EAS	male
NA19077	-3.1104367	Intermediate	JPT	EAS	female
NA19078	-4.026659380000001	Low	JPT	EAS	female
NA19079	-2.777607900000001	Intermediate	JPT	EAS	male
NA19080	-2.49706044	Intermediate	JPT	EAS	female
NA19081	-2.6565360799999995	Intermediate	JPT	EAS	female
NA19082	-3.1619265	Intermediate	JPT	EAS	male
NA19083	-4.2070309	Low	JPT	EAS	male
NA19084	-3.6381926	Low	JPT	EAS	female
NA19085	-4.1825603000000005	Low	JPT	EAS	male
NA19086	-4.286883639999999	Low	JPT	EAS	male
NA19087	-3.0457722899999995	Intermediate	JPT	EAS	female
NA19088	-3.4851303100000006	Intermediate	JPT	EAS	male
NA19089	-2.9078857	Intermediate	JPT	EAS	male
NA19090	-3.4051133	Intermediate	JPT	EAS	female
NA19091	-2.6089786000000004	Intermediate	JPT	EAS	male
NA19092	-1.5698129000000005	Intermediate	YRI	AFR	male
NA19093	-1.7302751799999991	Intermediate	YRI	AFR	female
NA19095	-1.0727638999999995	High	YRI	AFR	female
NA19096	-1.1969429999999996	High	YRI	AFR	male
NA19098	-0.7878442999999999	High	YRI	AFR	male
NA19099	-2.0029240999999995	Intermediate	YRI	AFR	female
NA19102	0.9105306999999996	High	YRI	AFR	female
NA19107	-0.4691654999999999	High	YRI	AFR	male
NA19108	0.1466357900000002	High	YRI	AFR	female
NA19113	-2.2750227	Intermediate	YRI	AFR	male
NA19114	0.2560196000000001	High	YRI	AFR	female
NA19116	-1.1409852000000005	High	YRI	AFR	female
NA19117	-0.2642768999999993	High	YRI	AFR	male
NA19118	-0.2813488000000004	High	YRI	AFR	female
NA19119	-0.8155637000000003	High	YRI	AFR	male
NA19121	0.0102391000000012	High	YRI	AFR	male
NA19129	-0.4850270399999994	High	YRI	AFR	female
NA19130	-0.8864239299999992	High	YRI	AFR	male
NA19131	-0.637094299999999	High	YRI	AFR	female
NA19137	-0.3506110999999998	High	YRI	AFR	female
NA19138	-0.1534626	High	YRI	AFR	male
NA19141	-2.1542543999999992	Intermediate	YRI	AFR	male
NA19143	-0.9594615000000004	High	YRI	AFR	female
NA19144	-0.4074038999999999	High	YRI	AFR	male
NA19146	-1.3826201000000005	Intermediate	YRI	AFR	male
NA19147	-1.986780587	Intermediate	YRI	AFR	female
NA19149	-1.450136	Intermediate	YRI	AFR	female
NA19152	-0.7532202999999995	High	YRI	AFR	female
NA19153	-1.3916423999999994	Intermediate	YRI	AFR	male
NA19159	-1.5791502199999996	Intermediate	YRI	AFR	female
NA19160	-1.2527660000000005	High	YRI	AFR	male
NA19171	-0.2542555000000008	High	YRI	AFR	male
NA19172	-1.35764912	Intermediate	YRI	AFR	female
NA19175	-1.2996319999999997	Intermediate	YRI	AFR	male
NA19184	-0.4890990999999992	High	YRI	AFR	male
NA19185	-1.5218258999999992	Intermediate	YRI	AFR	female
NA19189	-0.6826002	High	YRI	AFR	male
NA19190	-1.3913975999999997	Intermediate	YRI	AFR	female
NA19197	-0.4210521799999999	High	YRI	AFR	female
NA19198	0.6124699	High	YRI	AFR	male
NA19200	-0.7247781000000004	High	YRI	AFR	male
NA19201	-1.6355962	Intermediate	YRI	AFR	female
NA19204	-1.2483831999999992	High	YRI	AFR	female
NA19206	-1.3808885000000004	Intermediate	YRI	AFR	female
NA19207	0.2643338999999996	High	YRI	AFR	male
NA19209	-0.9283826	High	YRI	AFR	female
NA19210	-1.44904637	Intermediate	YRI	AFR	male
NA19213	0.0301737000000005	High	YRI	AFR	male
NA19214	-0.3804472000000011	High	YRI	AFR	female
NA19222	-0.7200489800000007	High	YRI	AFR	female
NA19223	-0.72730932	High	YRI	AFR	male
NA19225	0.0025573200000005	High	YRI	AFR	female
NA19235	-0.7398706580000001	High	YRI	AFR	female
NA19236	-0.5749155400000006	High	YRI	AFR	male
NA19238	0.6585862000000008	High	YRI	AFR	female
NA19239	-1.0978158999999998	High	YRI	AFR	male
NA19247	-0.6663635000000001	High	YRI	AFR	female
NA19248	-1.8620061	Intermediate	YRI	AFR	male
NA19256	-0.2439984999999998	High	YRI	AFR	male
NA19257	-0.5801586	High	YRI	AFR	female
NA19307	-1.4873785	Intermediate	LWK	AFR	male
NA19308	-1.2409863000000012	High	LWK	AFR	male
NA19309	-1.8820513000000003	Intermediate	LWK	AFR	male
NA19310	-0.9409483999999996	High	LWK	AFR	female
NA19312	-0.644662	High	LWK	AFR	male
NA19314	0.0681922400000001	High	LWK	AFR	female
NA19315	-1.2418192000000006	High	LWK	AFR	female
NA19316	-1.4231586999999994	Intermediate	LWK	AFR	female
NA19317	-1.8015305	Intermediate	LWK	AFR	male
NA19318	0.2705922999999993	High	LWK	AFR	male
NA19319	-1.544478000000001	Intermediate	LWK	AFR	male
NA19320	-0.9043288319999996	High	LWK	AFR	female
NA19321	-1.1020880999999991	High	LWK	AFR	female
NA19323	-2.4677329	Intermediate	LWK	AFR	female
NA19324	-1.8407515	Intermediate	LWK	AFR	female
NA19327	-1.3058085	Intermediate	LWK	AFR	female
NA19328	-2.4151764	Intermediate	LWK	AFR	female
NA19331	-0.4848931999999995	High	LWK	AFR	male
NA19332	-0.6052214999999995	High	LWK	AFR	female
NA19334	-2.2725739000000003	Intermediate	LWK	AFR	male
NA19338	0.6670234999999995	High	LWK	AFR	female
NA19346	-0.0110891699999997	High	LWK	AFR	male
NA19347	0.1230792800000001	High	LWK	AFR	male
NA19350	-1.0467295	High	LWK	AFR	male
NA19351	-0.0036149999999997	High	LWK	AFR	female
NA19355	-0.1986020999999999	High	LWK	AFR	female
NA19360	-0.7697881999999996	High	LWK	AFR	male
NA19372	-2.3026669400000004	Intermediate	LWK	AFR	male
NA19374	-1.5174718	Intermediate	LWK	AFR	male
NA19375	-2.1606210000000003	Intermediate	LWK	AFR	male
NA19376	0.1462477999999995	High	LWK	AFR	male
NA19377	-0.4067820000000005	High	LWK	AFR	female
NA19378	-0.8343668999999995	High	LWK	AFR	female
NA19379	0.1957379299999994	High	LWK	AFR	female
NA19380	-2.1809959000000005	Intermediate	LWK	AFR	male
NA19383	-0.7974175000000002	High	LWK	AFR	male
NA19384	-0.0734546499999997	High	LWK	AFR	male
NA19385	-0.7802921100000004	High	LWK	AFR	male
NA19390	-0.9429734	High	LWK	AFR	female
NA19391	-0.6007718000000009	High	LWK	AFR	female
NA19393	-1.7886456999999996	Intermediate	LWK	AFR	male
NA19394	0.8847113000000012	High	LWK	AFR	male
NA19395	-0.6250513500000006	High	LWK	AFR	female
NA19397	-0.3485892000000001	High	LWK	AFR	male
NA19399	-0.9705537999999992	High	LWK	AFR	female
NA19401	-1.0311533500000003	High	LWK	AFR	female
NA19403	-0.5472107	High	LWK	AFR	female
NA19404	-1.1442521999999995	High	LWK	AFR	female
NA19428	-0.5522818499999999	High	LWK	AFR	male
NA19429	-1.7533864	Intermediate	LWK	AFR	male
NA19430	-0.4767460999999998	High	LWK	AFR	male
NA19431	-0.3522691099999992	High	LWK	AFR	female
NA19434	-1.0441311300000002	High	LWK	AFR	female
NA19435	-0.3284885299999999	High	LWK	AFR	female
NA19436	-1.6530596999999996	Intermediate	LWK	AFR	female
NA19437	-0.1547376999999995	High	LWK	AFR	female
NA19438	-0.1719214940000009	High	LWK	AFR	female
NA19439	0.1513629999999989	High	LWK	AFR	female
NA19440	-1.1733741999999998	High	LWK	AFR	female
NA19443	-0.90127597	High	LWK	AFR	male
NA19445	-1.0205738800000002	High	LWK	AFR	female
NA19446	-1.0266326	High	LWK	AFR	female
NA19448	-0.5633379999999999	High	LWK	AFR	male
NA19449	-0.2875120999999999	High	LWK	AFR	female
NA19451	-0.9417516999999996	High	LWK	AFR	male
NA19452	-0.1672828400000003	High	LWK	AFR	male
NA19454	-0.7190085000000003	High	LWK	AFR	male
NA19455	-1.3673236000000002	Intermediate	LWK	AFR	male
NA19456	-0.2193261000000005	High	LWK	AFR	female
NA19457	-0.3783435999999994	High	LWK	AFR	female
NA19461	-2.0463028	Intermediate	LWK	AFR	male
NA19462	-2.0486581	Intermediate	LWK	AFR	female
NA19463	-2.3239701000000004	Intermediate	LWK	AFR	female
NA19466	-1.8130288	Intermediate	LWK	AFR	male
NA19467	-1.1833724999999995	High	LWK	AFR	female
NA19468	-0.1785574000000004	High	LWK	AFR	female
NA19471	-0.6334968000000001	High	LWK	AFR	female
NA19472	-1.2960340000000006	High	LWK	AFR	female
NA19473	-0.3808943699999996	High	LWK	AFR	female
NA19474	-0.2351469000000004	High	LWK	AFR	female
NA19475	-1.24136408	High	LWK	AFR	female
NA19625	-0.2295278	High	ASW	AFR	female
NA19648	-2.98175991	Intermediate	MXL	AMR	female
NA19649	-3.63168441	Low	MXL	AMR	male
NA19651	-3.4319027	Intermediate	MXL	AMR	female
NA19652	-3.5186959000000004	Intermediate	MXL	AMR	male
NA19654	-4.492244	Low	MXL	AMR	female
NA19655	-3.4041913000000004	Intermediate	MXL	AMR	male
NA19657	-3.7742917	Low	MXL	AMR	female
NA19658	-3.1215335000000004	Intermediate	MXL	AMR	male
NA19661	-3.2288387000000003	Intermediate	MXL	AMR	male
NA19663	-4.059796980000001	Low	MXL	AMR	female
NA19664	-1.4372142	Intermediate	MXL	AMR	male
NA19669	-3.887194	Low	MXL	AMR	female
NA19670	-3.9087823	Low	MXL	AMR	male
NA19676	-3.340481	Intermediate	MXL	AMR	male
NA19678	-4.15973354	Low	MXL	AMR	female
NA19679	-2.1182568	Intermediate	MXL	AMR	male
NA19681	-3.0490351	Intermediate	MXL	AMR	female
NA19682	-3.0869889999999995	Intermediate	MXL	AMR	male
NA19684	-3.5391124	Intermediate	MXL	AMR	female
NA19700	-1.4198566999999995	Intermediate	ASW	AFR	male
NA19701	-1.2839157000000003	High	ASW	AFR	female
NA19703	-2.5259308999999988	Intermediate	ASW	AFR	male
NA19704	-1.3719223999999997	Intermediate	ASW	AFR	female
NA19707	-2.1004222	Intermediate	ASW	AFR	female
NA19711	-1.4887107	Intermediate	ASW	AFR	male
NA19712	-0.7851539399999997	High	ASW	AFR	female
NA19713	-1.6332625999999992	Intermediate	ASW	AFR	female
NA19716	-3.1245240000000005	Intermediate	MXL	AMR	female
NA19717	-2.8796822000000004	Intermediate	MXL	AMR	male
NA19719	-3.073456230000001	Intermediate	MXL	AMR	female
NA19720	-2.6864192000000005	Intermediate	MXL	AMR	male
NA19722	-1.1355882000000002	High	MXL	AMR	female
NA19723	-3.325763999999999	Intermediate	MXL	AMR	male
NA19725	-3.22630431	Intermediate	MXL	AMR	female
NA19726	-3.9899603	Low	MXL	AMR	male
NA19728	-3.80971	Low	MXL	AMR	female
NA19729	-4.88950686	Low	MXL	AMR	male
NA19731	-3.9322548	Low	MXL	AMR	female
NA19732	-4.1900400300000005	Low	MXL	AMR	male
NA19734	-3.67500022	Low	MXL	AMR	female
NA19735	-4.387354400000001	Low	MXL	AMR	male
NA19740	-3.3636422	Intermediate	MXL	AMR	female
NA19741	-3.2545815159999987	Intermediate	MXL	AMR	male
NA19746	-2.2473187999999995	Intermediate	MXL	AMR	female
NA19747	-3.68339197	Low	MXL	AMR	male
NA19749	-4.3255497	Low	MXL	AMR	female
NA19750	-3.408948800000001	Intermediate	MXL	AMR	male
NA19752	-3.5574948300000004	Intermediate	MXL	AMR	female
NA19755	-3.6413889	Low	MXL	AMR	female
NA19756	-5.2697123	Low	MXL	AMR	male
NA19758	-4.485600199999999	Low	MXL	AMR	female
NA19759	-3.92682352	Low	MXL	AMR	male
NA19761	-4.2564108164	Low	MXL	AMR	female
NA19762	-2.31570409	Intermediate	MXL	AMR	male
NA19764	-1.9788705600000005	Intermediate	MXL	AMR	female
NA19770	-2.990600899999999	Intermediate	MXL	AMR	female
NA19771	-1.9222434999999995	Intermediate	MXL	AMR	male
NA19773	-2.846402100000001	Intermediate	MXL	AMR	female
NA19774	-4.2322385	Low	MXL	AMR	male
NA19776	-3.5146537	Intermediate	MXL	AMR	female
NA19777	-2.7087113	Intermediate	MXL	AMR	male
NA19779	-3.0887561	Intermediate	MXL	AMR	female
NA19780	-4.08133935	Low	MXL	AMR	male
NA19782	-2.0693543000000005	Intermediate	MXL	AMR	female
NA19783	-3.4346439	Intermediate	MXL	AMR	male
NA19785	-3.3920667299999985	Intermediate	MXL	AMR	female
NA19786	-2.8942811	Intermediate	MXL	AMR	male
NA19788	-2.432162	Intermediate	MXL	AMR	female
NA19789	-3.5500711	Intermediate	MXL	AMR	male
NA19792	-3.7331853000000015	Low	MXL	AMR	male
NA19794	-3.6401036	Low	MXL	AMR	female
NA19795	-3.9683405	Low	MXL	AMR	male
NA19818	0.2814882999999989	High	ASW	AFR	male
NA19819	-1.7526924000000008	Intermediate	ASW	AFR	female
NA19834	-1.8231427000000004	Intermediate	ASW	AFR	male
NA19835	-2.189621630000001	Intermediate	ASW	AFR	female
NA19900	-0.2208771000000006	High	ASW	AFR	male
NA19901	-0.8421027999999999	High	ASW	AFR	female
NA19904	-1.7355684	Intermediate	ASW	AFR	male
NA19908	-0.2363735400000004	High	ASW	AFR	male
NA19909	-1.6752308999999992	Intermediate	ASW	AFR	female
NA19913	-2.8174439	Intermediate	ASW	AFR	female
NA19914	-3.3273014000000005	Intermediate	ASW	AFR	female
NA19916	-1.367364099999999	Intermediate	ASW	AFR	male
NA19917	-1.3160162000000002	Intermediate	ASW	AFR	female
NA19920	-0.3892018000000002	High	ASW	AFR	male
NA19921	-1.19188024	High	ASW	AFR	female
NA19922	-1.19331124	High	ASW	AFR	male
NA19923	-1.3326430999999994	Intermediate	ASW	AFR	female
NA19982	-3.281250200000001	Intermediate	ASW	AFR	male
NA19984	-0.1378936999999995	High	ASW	AFR	male
NA20126	-2.5541346	Intermediate	ASW	AFR	male
NA20127	-1.2878800999999998	High	ASW	AFR	female
NA20274	-1.2825970200000003	High	ASW	AFR	female
NA20276	-1.7494088999999995	Intermediate	ASW	AFR	female
NA20278	-2.5427231	Intermediate	ASW	AFR	male
NA20281	-1.2542815999999997	High	ASW	AFR	male
NA20282	-0.7034346000000001	High	ASW	AFR	female
NA20287	-1.9055812	Intermediate	ASW	AFR	female
NA20289	-2.796616400000001	Intermediate	ASW	AFR	female
NA20291	-0.4541591999999988	High	ASW	AFR	male
NA20294	-0.9963473000000006	High	ASW	AFR	female
NA20296	-1.5043112400000005	Intermediate	ASW	AFR	female
NA20298	-0.5828852200000004	High	ASW	AFR	male
NA20299	-4.388343100000001	Low	ASW	AFR	female
NA20314	-1.8657481	Intermediate	ASW	AFR	female
NA20317	0.1401565000000004	High	ASW	AFR	female
NA20318	-0.4530925000000002	High	ASW	AFR	male
NA20320	0.892558599999999	High	ASW	AFR	female
NA20321	-0.7074107	High	ASW	AFR	female
NA20332	-0.6252282000000003	High	ASW	AFR	female
NA20334	-2.161215400000001	Intermediate	ASW	AFR	female
NA20339	-2.3656012000000004	Intermediate	ASW	AFR	female
NA20340	-2.722729	Intermediate	ASW	AFR	male
NA20342	-2.5451069000000004	Intermediate	ASW	AFR	male
NA20346	-1.1850630000000006	High	ASW	AFR	male
NA20348	-1.4314421000000008	Intermediate	ASW	AFR	male
NA20351	-1.4343345	Intermediate	ASW	AFR	male
NA20355	-0.7318247000000002	High	ASW	AFR	female
NA20356	-2.6446858000000004	Intermediate	ASW	AFR	male
NA20357	-1.648989299999999	Intermediate	ASW	AFR	female
NA20359	-2.3722689000000003	Intermediate	ASW	AFR	female
NA20362	-1.4189178999999998	Intermediate	ASW	AFR	male
NA20412	-1.2122891999999994	High	ASW	AFR	female
NA20502	-3.0011291000000004	Intermediate	TSI	EUR	female
NA20503	-4.0275207	Low	TSI	EUR	female
NA20504	-4.023131550000001	Low	TSI	EUR	female
NA20505	-3.1992957000000013	Intermediate	TSI	EUR	female
NA20506	-4.34738817	Low	TSI	EUR	female
NA20507	-4.6465399	Low	TSI	EUR	female
NA20508	-3.4454535	Intermediate	TSI	EUR	female
NA20509	-4.1563202000000015	Low	TSI	EUR	male
NA20510	-4.320840300000001	Low	TSI	EUR	male
NA20511	-1.7863303999999995	Intermediate	TSI	EUR	male
NA20512	-2.6698150000000007	Intermediate	TSI	EUR	male
NA20513	-4.669568000000001	Low	TSI	EUR	male
NA20514	-3.764089	Low	TSI	EUR	female
NA20515	-2.2997312999999995	Intermediate	TSI	EUR	male
NA20516	-4.589249800000001	Low	TSI	EUR	male
NA20517	-3.5325768	Intermediate	TSI	EUR	female
NA20518	-1.0021618000000003	High	TSI	EUR	male
NA20519	-3.9466264	Low	TSI	EUR	male
NA20520	-3.4017711000000004	Intermediate	TSI	EUR	male
NA20521	-2.6114215999999995	Intermediate	TSI	EUR	male
NA20522	-3.394975100000001	Intermediate	TSI	EUR	female
NA20524	-4.066899	Low	TSI	EUR	male
NA20525	-3.6548949999999993	Low	TSI	EUR	male
NA20527	-0.7249050999999999	High	TSI	EUR	male
NA20528	-3.3522614	Intermediate	TSI	EUR	male
NA20529	-3.9209886	Low	TSI	EUR	female
NA20530	-2.0312606	Intermediate	TSI	EUR	female
NA20531	-2.98591145	Intermediate	TSI	EUR	female
NA20532	-4.4944069	Low	TSI	EUR	male
NA20533	-3.940837999999999	Low	TSI	EUR	female
NA20534	-4.2298945	Low	TSI	EUR	male
NA20535	-3.6972314	Low	TSI	EUR	female
NA20536	-3.1850423999999995	Intermediate	TSI	EUR	male
NA20538	-3.2210604	Intermediate	TSI	EUR	male
NA20539	-1.0506917999999996	High	TSI	EUR	male
NA20540	-2.9108889399999995	Intermediate	TSI	EUR	female
NA20541	-1.953674379999999	Intermediate	TSI	EUR	female
NA20542	-2.8076241	Intermediate	TSI	EUR	female
NA20543	-3.078706700000001	Intermediate	TSI	EUR	male
NA20544	-2.67836	Intermediate	TSI	EUR	male
NA20581	-4.7858079	Low	TSI	EUR	male
NA20582	-4.498926999999999	Low	TSI	EUR	female
NA20585	-0.7827144999999998	High	TSI	EUR	female
NA20586	-3.186148550000001	Intermediate	TSI	EUR	male
NA20587	-5.00184866	Low	TSI	EUR	female
NA20588	-3.7630363	Low	TSI	EUR	male
NA20589	-2.6478828000000005	Intermediate	TSI	EUR	female
NA20752	-3.67980421	Low	TSI	EUR	male
NA20753	-3.1197247000000004	Intermediate	TSI	EUR	female
NA20754	-3.582124299999999	Low	TSI	EUR	male
NA20755	-2.5522632999999995	Intermediate	TSI	EUR	male
NA20756	-3.2108277000000003	Intermediate	TSI	EUR	female
NA20757	-3.4043689	Intermediate	TSI	EUR	female
NA20758	-3.905677200000001	Low	TSI	EUR	male
NA20759	-3.476193999999999	Intermediate	TSI	EUR	male
NA20760	-3.4198836300000006	Intermediate	TSI	EUR	female
NA20761	-2.0415368	Intermediate	TSI	EUR	female
NA20762	-3.2179435	Intermediate	TSI	EUR	male
NA20763	-2.8403700000000005	Intermediate	TSI	EUR	male
NA20764	-3.878651	Low	TSI	EUR	female
NA20765	-3.0960071000000005	Intermediate	TSI	EUR	male
NA20766	-2.7181291	Intermediate	TSI	EUR	female
NA20767	-3.7011755000000006	Low	TSI	EUR	male
NA20768	-3.252506	Intermediate	TSI	EUR	female
NA20769	-2.81051	Intermediate	TSI	EUR	female
NA20770	-3.7592576	Low	TSI	EUR	male
NA20771	-2.6968252	Intermediate	TSI	EUR	female
NA20772	-2.5218259000000005	Intermediate	TSI	EUR	female
NA20773	-3.6697818	Low	TSI	EUR	female
NA20774	-3.1429144000000004	Intermediate	TSI	EUR	female
NA20775	-4.970718999999999	Low	TSI	EUR	female
NA20778	-2.3430444780000004	Intermediate	TSI	EUR	male
NA20783	-2.859877	Intermediate	TSI	EUR	male
NA20785	-3.3612801	Intermediate	TSI	EUR	male
NA20786	-4.022570999999999	Low	TSI	EUR	female
NA20787	-3.4029989000000005	Intermediate	TSI	EUR	male
NA20790	-4.186805799999999	Low	TSI	EUR	female
NA20792	-3.727291	Low	TSI	EUR	male
NA20795	-3.69943857	Low	TSI	EUR	female
NA20796	-1.8049592999999995	Intermediate	TSI	EUR	male
NA20797	-4.1757721	Low	TSI	EUR	female
NA20798	-1.4356842	Intermediate	TSI	EUR	male
NA20799	-3.75274	Low	TSI	EUR	female
NA20800	-2.9269780000000005	Intermediate	TSI	EUR	female
NA20801	-3.4936446999999995	Intermediate	TSI	EUR	male
NA20802	-4.010194899999999	Low	TSI	EUR	female
NA20803	-3.5642291	Intermediate	TSI	EUR	male
NA20804	-3.879132	Low	TSI	EUR	female
NA20805	-3.4387225000000003	Intermediate	TSI	EUR	male
NA20806	-1.2756148999999997	High	TSI	EUR	male
NA20807	-1.1175976999999997	High	TSI	EUR	female
NA20808	-2.9230944999999995	Intermediate	TSI	EUR	female
NA20809	-4.164802300000001	Low	TSI	EUR	male
NA20810	-3.2229941	Intermediate	TSI	EUR	male
NA20811	-4.383233399999998	Low	TSI	EUR	male
NA20812	-2.780444900000001	Intermediate	TSI	EUR	male
NA20813	-2.588794700000001	Intermediate	TSI	EUR	female
NA20814	-3.9577673	Low	TSI	EUR	male
NA20815	-3.2025966999999995	Intermediate	TSI	EUR	male
NA20818	-3.23100365	Intermediate	TSI	EUR	female
NA20819	-3.627939	Low	TSI	EUR	female
NA20821	-2.5259243000000007	Intermediate	TSI	EUR	female
NA20822	-2.2382685	Intermediate	TSI	EUR	female
NA20826	-2.7818078	Intermediate	TSI	EUR	female
NA20827	-4.552401299999999	Low	TSI	EUR	male
NA20828	-4.44112054	Low	TSI	EUR	female
NA20832	-3.8914135	Low	TSI	EUR	female
NA20845	-2.6878248	Intermediate	GIH	SAS	male
NA20846	-3.4330200019999992	Intermediate	GIH	SAS	male
NA20847	-3.362709119999999	Intermediate	GIH	SAS	female
NA20849	-3.5192159	Intermediate	GIH	SAS	female
NA20850	-2.3755901000000006	Intermediate	GIH	SAS	male
NA20851	-3.1177192	Intermediate	GIH	SAS	female
NA20852	-4.455496800000001	Low	GIH	SAS	male
NA20853	-2.7611095	Intermediate	GIH	SAS	female
NA20854	-2.3827606999999995	Intermediate	GIH	SAS	female
NA20856	-2.5350444000000003	Intermediate	GIH	SAS	female
NA20858	-2.58552051	Intermediate	GIH	SAS	male
NA20859	-2.4935411999999992	Intermediate	GIH	SAS	female
NA20861	-2.646752	Intermediate	GIH	SAS	male
NA20862	-1.8734861	Intermediate	GIH	SAS	female
NA20863	-2.5011468	Intermediate	GIH	SAS	male
NA20864	-1.8753212000000008	Intermediate	GIH	SAS	male
NA20866	-3.58719158	Low	GIH	SAS	male
NA20867	-3.0899698600000005	Intermediate	GIH	SAS	male
NA20868	-3.392340099999999	Intermediate	GIH	SAS	female
NA20869	-2.0742688199999995	Intermediate	GIH	SAS	female
NA20870	-1.8017504399999995	Intermediate	GIH	SAS	male
NA20872	-3.1241994000000006	Intermediate	GIH	SAS	female
NA20874	-1.168228899999999	High	GIH	SAS	female
NA20875	-3.4874035000000005	Intermediate	GIH	SAS	female
NA20876	-2.905990980000001	Intermediate	GIH	SAS	female
NA20877	-3.4127766	Intermediate	GIH	SAS	female
NA20878	-2.0828874	Intermediate	GIH	SAS	female
NA20881	-1.1274320000000002	High	GIH	SAS	female
NA20882	-1.3268738100000002	Intermediate	GIH	SAS	female
NA20884	-2.3544193999999994	Intermediate	GIH	SAS	male
NA20885	-2.9528164	Intermediate	GIH	SAS	male
NA20886	-3.0712675000000007	Intermediate	GIH	SAS	female
NA20887	-2.3594138	Intermediate	GIH	SAS	male
NA20888	-2.6779753600000005	Intermediate	GIH	SAS	female
NA20889	-2.5254888	Intermediate	GIH	SAS	male
NA20890	-1.7833744999999992	Intermediate	GIH	SAS	male
NA20891	-3.232261100000001	Intermediate	GIH	SAS	male
NA20892	-2.708845099999999	Intermediate	GIH	SAS	female
NA20894	-2.0569441699999995	Intermediate	GIH	SAS	female
NA20895	-2.0562557000000004	Intermediate	GIH	SAS	male
NA20896	-2.8970510000000003	Intermediate	GIH	SAS	female
NA20897	-3.14276758	Intermediate	GIH	SAS	male
NA20899	-3.6383319	Low	GIH	SAS	female
NA20900	-2.521822099999999	Intermediate	GIH	SAS	female
NA20901	-3.737692700000001	Low	GIH	SAS	male
NA20902	-2.9220625999999994	Intermediate	GIH	SAS	female
NA20903	-3.3062091	Intermediate	GIH	SAS	male
NA20904	-1.98657961	Intermediate	GIH	SAS	male
NA20905	-1.90887809	Intermediate	GIH	SAS	male
NA20906	-1.8740003	Intermediate	GIH	SAS	female
NA20908	-2.593417	Intermediate	GIH	SAS	female
NA20910	-3.7122437000000006	Low	GIH	SAS	female
NA20911	-3.7811684	Low	GIH	SAS	male
NA21086	-2.6956033	Intermediate	GIH	SAS	female
NA21087	-1.4939713	Intermediate	GIH	SAS	male
NA21088	-3.3319176000000006	Intermediate	GIH	SAS	female
NA21089	-0.8475992899999997	High	GIH	SAS	female
NA21090	-3.45440023	Intermediate	GIH	SAS	male
NA21091	-2.6082586999999995	Intermediate	GIH	SAS	male
NA21092	-1.8798944999999991	Intermediate	GIH	SAS	male
NA21093	-3.4677903000000003	Intermediate	GIH	SAS	male
NA21094	-2.2129700000000003	Intermediate	GIH	SAS	male
NA21095	-3.7580155	Low	GIH	SAS	male
NA21097	-2.5456727000000003	Intermediate	GIH	SAS	female
NA21098	-2.2012893199999994	Intermediate	GIH	SAS	male
NA21099	-2.106636100000001	Intermediate	GIH	SAS	male
NA21100	-2.2021791	Intermediate	GIH	SAS	male
NA21101	-2.8160268100000003	Intermediate	GIH	SAS	female
NA21102	-0.9813096	High	GIH	SAS	female
NA21103	-3.5858481	Low	GIH	SAS	female
NA21104	-4.037296900000001	Low	GIH	SAS	male
NA21105	-3.5964424300000006	Low	GIH	SAS	male
NA21106	-2.8908765000000005	Intermediate	GIH	SAS	female
NA21107	-2.3453822	Intermediate	GIH	SAS	male
NA21108	-3.9381419	Low	GIH	SAS	female
NA21109	-3.3795859000000004	Intermediate	GIH	SAS	male
NA21110	-2.839688600000001	Intermediate	GIH	SAS	female
NA21111	-1.8476630999999992	Intermediate	GIH	SAS	male
NA21112	-1.9085712	Intermediate	GIH	SAS	male
NA21113	-3.2545961000000005	Intermediate	GIH	SAS	male
NA21114	-2.9202509	Intermediate	GIH	SAS	male
NA21115	-2.68490517	Intermediate	GIH	SAS	male
NA21116	-2.5836863000000005	Intermediate	GIH	SAS	male
NA21117	-2.05290295	Intermediate	GIH	SAS	male
NA21118	-1.0125801	High	GIH	SAS	male
NA21119	-1.0899211000000006	High	GIH	SAS	male
NA21120	-3.1265690000000004	Intermediate	GIH	SAS	female
NA21122	-3.2378709000000003	Intermediate	GIH	SAS	female
NA21123	-3.1113903999999994	Intermediate	GIH	SAS	male
NA21124	-2.1978397	Intermediate	GIH	SAS	male
NA21125	-2.0513322999999994	Intermediate	GIH	SAS	female
NA21126	-1.8304764400000009	Intermediate	GIH	SAS	male
NA21127	-2.894592	Intermediate	GIH	SAS	male
NA21128	-2.2921951	Intermediate	GIH	SAS	male
NA21129	-2.48394452	Intermediate	GIH	SAS	male
NA21130	-1.9506190999999995	Intermediate	GIH	SAS	male
NA21133	-1.4918297999999997	Intermediate	GIH	SAS	male
NA21135	-3.0312845299999984	Intermediate	GIH	SAS	male
NA21137	-2.3386060100000003	Intermediate	GIH	SAS	female
NA21141	-2.7942699	Intermediate	GIH	SAS	female
NA21142	-2.8546969000000004	Intermediate	GIH	SAS	female
NA21143	-2.8652630999999995	Intermediate	GIH	SAS	female
NA21144	-1.4003110099999998	Intermediate	GIH	SAS	female
