IID	PRS	PRS_Risk_Group	PRS_Percentile	sample	pop	super_pop	gender
HG00096	-0.2701711890000001	Low	2.2763578274760383	HG00096	GBR	EUR	male
HG00097	-0.40593524	Low	0.7587859424920127	HG00097	GBR	EUR	female
HG00099	0.1602518599999999	Low	12.859424920127797	HG00099	GBR	EUR	female
HG00100	0.24216228	Low	16.333865814696484	HG00100	GBR	EUR	female
HG00101	-0.351910329	Low	1.3578274760383386	HG00101	GBR	EUR	male
HG00102	0.5123662400000001	Intermediate	29.91214057507987	HG00102	GBR	EUR	female
HG00103	-0.13293532	Low	4.073482428115016	HG00103	GBR	EUR	male
HG00105	0.7976424400000002	Intermediate	53.394568690095845	HG00105	GBR	EUR	male
HG00106	0.2361970399999999	Low	15.854632587859424	HG00106	GBR	EUR	female
HG00107	0.08237869	Low	10.18370607028754	HG00107	GBR	EUR	male
HG00108	0.2121377899999999	Low	14.896166134185304	HG00108	GBR	EUR	male
HG00109	-0.2634110919999999	Low	2.4361022364217253	HG00109	GBR	EUR	male
HG00110	0.2736487999999999	Low	17.33226837060703	HG00110	GBR	EUR	female
HG00111	-0.02907727	Low	6.509584664536741	HG00111	GBR	EUR	female
HG00112	-0.18999617	Low	3.2348242811501597	HG00112	GBR	EUR	male
HG00113	-0.00629327	Low	7.42811501597444	HG00113	GBR	EUR	male
HG00114	0.0232720799999999	Low	8.30670926517572	HG00114	GBR	EUR	male
HG00115	0.0801697319999999	Low	10.063897763578275	HG00115	GBR	EUR	male
HG00116	-0.19468668	Low	3.1150159744408943	HG00116	GBR	EUR	male
HG00117	-0.4240391	Low	0.5990415335463258	HG00117	GBR	EUR	male
HG00118	0.136513305	Low	12.100638977635784	HG00118	GBR	EUR	female
HG00119	-0.2955098199999999	Low	1.876996805111821	HG00119	GBR	EUR	male
HG00120	0.4695206999999999	Intermediate	27.595846645367413	HG00120	GBR	EUR	female
HG00121	0.1509925300000001	Low	12.659744408945686	HG00121	GBR	EUR	female
HG00122	-0.501401786	Low	0.2396166134185303	HG00122	GBR	EUR	female
HG00123	0.0979874129999999	Low	10.782747603833863	HG00123	GBR	EUR	female
HG00125	-0.4223404100000001	Low	0.6389776357827476	HG00125	GBR	EUR	female
HG00126	-0.19732295	Low	3.0750798722044728	HG00126	GBR	EUR	male
HG00127	-0.1547595299999999	Low	3.753993610223642	HG00127	GBR	EUR	female
HG00128	0.18905855	Low	14.09744408945687	HG00128	GBR	EUR	female
HG00129	0.43768353	Intermediate	25.918530351437703	HG00129	GBR	EUR	male
HG00130	-0.01931075	Low	6.988817891373802	HG00130	GBR	EUR	female
HG00131	-0.17389475	Low	3.47444089456869	HG00131	GBR	EUR	male
HG00132	-0.3933111099999998	Low	0.9185303514376996	HG00132	GBR	EUR	female
HG00133	-0.1185238399999999	Low	4.552715654952077	HG00133	GBR	EUR	female
HG00136	-0.3969511799999999	Low	0.8785942492012779	HG00136	GBR	EUR	male
HG00137	0.2839144800000001	Low	18.29073482428115	HG00137	GBR	EUR	female
HG00138	-0.2938060599999999	Low	1.9568690095846648	HG00138	GBR	EUR	male
HG00139	-0.3348525200000001	Low	1.5974440894568689	HG00139	GBR	EUR	male
HG00140	0.07740284	Low	10.023961661341852	HG00140	GBR	EUR	male
HG00141	0.0624152499999999	Low	9.464856230031948	HG00141	GBR	EUR	male
HG00142	-0.08189073	Low	5.431309904153355	HG00142	GBR	EUR	male
HG00143	0.0397840099999999	Low	8.626198083067091	HG00143	GBR	EUR	male
HG00145	-0.2031102299999999	Low	2.915335463258786	HG00145	GBR	EUR	male
HG00146	-0.2649418839999999	Low	2.3961661341853038	HG00146	GBR	EUR	female
HG00148	0.2268889000000001	Low	15.375399361022366	HG00148	GBR	EUR	male
HG00149	-0.2301125299999999	Low	2.7955271565495208	HG00149	GBR	EUR	male
HG00150	-0.4207927200000001	Low	0.6789137380191693	HG00150	GBR	EUR	female
HG00151	-0.2944905199999998	Low	1.9169329073482428	HG00151	GBR	EUR	male
HG00154	-0.2864018800000001	Low	2.156549520766773	HG00154	GBR	EUR	female
HG00155	0.1276095199999999	Low	11.861022364217252	HG00155	GBR	EUR	male
HG00157	0.3493033	Intermediate	21.24600638977636	HG00157	GBR	EUR	male
HG00158	-0.3730260900000001	Low	1.1980830670926517	HG00158	GBR	EUR	female
HG00159	0.2319953	Low	15.694888178913738	HG00159	GBR	EUR	male
HG00160	-0.0753599	Low	5.6709265175718855	HG00160	GBR	EUR	male
HG00171	0.4931606399999999	Intermediate	28.554313099041533	HG00171	FIN	EUR	female
HG00173	-0.0250376199999999	Low	6.669329073482428	HG00173	FIN	EUR	female
HG00174	-0.03440589	Low	6.3099041533546325	HG00174	FIN	EUR	female
HG00176	0.5101605100000001	Intermediate	29.71246006389776	HG00176	FIN	EUR	female
HG00177	-0.31289663	Low	1.7971246006389778	HG00177	FIN	EUR	female
HG00178	0.7216263500000001	Intermediate	47.084664536741215	HG00178	FIN	EUR	female
HG00179	-0.1051327499999999	Low	4.752396166134186	HG00179	FIN	EUR	female
HG00180	0.28169354	Low	18.011182108626198	HG00180	FIN	EUR	female
HG00181	0.05341488	Low	9.105431309904152	HG00181	FIN	EUR	male
HG00182	0.2583898099999999	Low	16.972843450479232	HG00182	FIN	EUR	male
HG00183	0.1387315849999999	Low	12.26038338658147	HG00183	FIN	EUR	male
HG00185	0.287932	Low	18.410543130990416	HG00185	FIN	EUR	male
HG00186	0.70663903	Intermediate	45.88658146964856	HG00186	FIN	EUR	male
HG00187	0.3029549199999999	Low	18.80990415335463	HG00187	FIN	EUR	male
HG00188	0.4039828299999999	Intermediate	24.281150159744406	HG00188	FIN	EUR	male
HG00189	0.28029839	Low	17.89137380191693	HG00189	FIN	EUR	male
HG00190	0.3675448799999999	Intermediate	21.84504792332268	HG00190	FIN	EUR	male
HG00231	0.11203263345	Low	11.182108626198085	HG00231	GBR	EUR	female
HG00232	0.238545847	Low	16.054313099041533	HG00232	GBR	EUR	female
HG00233	0.12515099	Low	11.701277955271564	HG00233	GBR	EUR	female
HG00234	-0.3806906799999999	Low	1.1182108626198082	HG00234	GBR	EUR	male
HG00235	-0.362448617	Low	1.317891373801917	HG00235	GBR	EUR	female
HG00236	0.03957636	Low	8.586261980830672	HG00236	GBR	EUR	female
HG00237	-0.3645568350000001	Low	1.2380191693290734	HG00237	GBR	EUR	female
HG00238	0.59203416	Intermediate	36.022364217252395	HG00238	GBR	EUR	female
HG00239	0.5388203100000001	Intermediate	31.869009584664536	HG00239	GBR	EUR	female
HG00240	-0.0392722199999999	Low	6.230031948881789	HG00240	GBR	EUR	female
HG00242	-0.0546932499999999	Low	5.9904153354632586	HG00242	GBR	EUR	male
HG00243	-0.5602509820000001	Low	0.0399361022364217	HG00243	GBR	EUR	male
HG00244	0.31571264	Low	19.528753993610223	HG00244	GBR	EUR	male
HG00245	-0.1742243299999999	Low	3.4345047923322687	HG00245	GBR	EUR	female
HG00246	0.7310668	Intermediate	47.92332268370607	HG00246	GBR	EUR	male
HG00250	0.3525568419999998	Intermediate	21.3258785942492	HG00250	GBR	EUR	female
HG00251	-0.3977088611000001	Low	0.8386581469648562	HG00251	GBR	EUR	male
HG00252	-0.0369254	Low	6.2699680511182105	HG00252	GBR	EUR	male
HG00253	0.15952022	Low	12.819488817891376	HG00253	GBR	EUR	female
HG00254	0.7374517715000001	Intermediate	48.602236421725244	HG00254	GBR	EUR	female
HG00255	0.3970175999999999	Intermediate	23.642172523961666	HG00255	GBR	EUR	female
HG00256	0.20582066	Low	14.656549520766774	HG00256	GBR	EUR	male
HG00257	-0.0527937844	Low	6.1102236421725244	HG00257	GBR	EUR	female
HG00258	0.270078139	Low	17.172523961661344	HG00258	GBR	EUR	female
HG00259	0.1174799999999999	Low	11.38178913738019	HG00259	GBR	EUR	female
HG00260	0.3959159939999999	Intermediate	23.522364217252395	HG00260	GBR	EUR	male
HG00261	-0.1298117325999999	Low	4.233226837060703	HG00261	GBR	EUR	female
HG00262	0.12742197	Low	11.821086261980833	HG00262	GBR	EUR	female
HG00263	-0.07410356	Low	5.710862619808307	HG00263	GBR	EUR	female
HG00264	0.0876932599999999	Low	10.42332268370607	HG00264	GBR	EUR	male
HG00265	-0.46826279	Low	0.3993610223642172	HG00265	GBR	EUR	male
HG00266	0.3092705868999999	Low	19.049520766773163	HG00266	FIN	EUR	female
HG00267	0.24199446	Low	16.293929712460063	HG00267	FIN	EUR	male
HG00268	-0.1155775499999999	Low	4.712460063897764	HG00268	FIN	EUR	female
HG00269	0.05980793	Low	9.345047923322683	HG00269	FIN	EUR	female
HG00271	0.50471982	Intermediate	29.39297124600639	HG00271	FIN	EUR	male
HG00272	-0.02325379	Low	6.7891373801916926	HG00272	FIN	EUR	female
HG00273	-0.438448389	Low	0.4792332268370607	HG00273	FIN	EUR	male
HG00274	0.7063999919999998	Intermediate	45.846645367412144	HG00274	FIN	EUR	female
HG00275	0.3479915549999999	Intermediate	21.16613418530352	HG00275	FIN	EUR	female
HG00276	0.12429492	Low	11.661341853035143	HG00276	FIN	EUR	female
HG00277	-0.00078206	Low	7.5479233226837055	HG00277	FIN	EUR	male
HG00278	-0.13931037	Low	3.873801916932907	HG00278	FIN	EUR	male
HG00280	-0.1205616299999999	Low	4.512779552715656	HG00280	FIN	EUR	male
HG00281	-0.3402750709999999	Low	1.477635782747604	HG00281	FIN	EUR	female
HG00282	0.07296984	Low	9.824281150159743	HG00282	FIN	EUR	female
HG00284	0.2464660199999999	Low	16.49361022364217	HG00284	FIN	EUR	male
HG00285	0.2541845699999999	Low	16.813099041533548	HG00285	FIN	EUR	female
HG00288	0.386958286	Intermediate	22.963258785942493	HG00288	FIN	EUR	female
HG00290	0.2450696099999999	Low	16.373801916932905	HG00290	FIN	EUR	male
HG00304	0.224767257	Low	15.215654952076676	HG00304	FIN	EUR	female
HG00306	0.13811735	Low	12.140575079872203	HG00306	FIN	EUR	female
HG00308	0.1777647499999999	Low	13.578274760383383	HG00308	FIN	EUR	male
HG00309	0.1384496899999999	Low	12.180511182108626	HG00309	FIN	EUR	female
HG00310	0.19782958	Low	14.496805111821088	HG00310	FIN	EUR	male
HG00311	-0.18417553	Low	3.2747603833865817	HG00311	FIN	EUR	male
HG00313	0.35604267	Intermediate	21.445686900958467	HG00313	FIN	EUR	female
HG00315	-0.02255311	Low	6.869009584664537	HG00315	FIN	EUR	female
HG00318	0.2742243999999999	Low	17.531948881789138	HG00318	FIN	EUR	female
HG00319	0.50043605	Intermediate	29.11341853035144	HG00319	FIN	EUR	female
HG00320	-0.13848173	Low	3.993610223642172	HG00320	FIN	EUR	female
HG00321	0.57726627	Intermediate	34.82428115015975	HG00321	FIN	EUR	male
HG00323	0.32643989	Intermediate	20.08785942492013	HG00323	FIN	EUR	female
HG00324	0.24699552	Low	16.573482428115017	HG00324	FIN	EUR	female
HG00325	0.2161709860000001	Low	14.976038338658146	HG00325	FIN	EUR	male
HG00326	-0.0065060979999999	Low	7.388178913738019	HG00326	FIN	EUR	female
HG00327	0.2284382699999999	Low	15.535143769968052	HG00327	FIN	EUR	female
HG00328	0.2415895099999999	Low	16.25399361022364	HG00328	FIN	EUR	female
HG00329	0.3868410799999999	Intermediate	22.923322683706072	HG00329	FIN	EUR	male
HG00330	0.22661301	Low	15.335463258785945	HG00330	FIN	EUR	female
HG00331	0.3505645500000001	Intermediate	21.28594249201278	HG00331	FIN	EUR	female
HG00332	0.00678672	Low	7.747603833865814	HG00332	FIN	EUR	female
HG00334	-0.01289236	Low	7.1086261980830665	HG00334	FIN	EUR	female
HG00335	-0.1480733799999999	Low	3.8338658146964857	HG00335	FIN	EUR	male
HG00336	0.4396432040000001	Intermediate	26.03833865814697	HG00336	FIN	EUR	male
HG00337	0.1329444739999999	Low	11.980830670926515	HG00337	FIN	EUR	female
HG00338	0.48856316	Intermediate	28.394568690095845	HG00338	FIN	EUR	male
HG00339	-0.33247059	Low	1.6373801916932909	HG00339	FIN	EUR	female
HG00341	0.783443168	Intermediate	52.1964856230032	HG00341	FIN	EUR	male
HG00342	0.1341220699999999	Low	12.06070287539936	HG00342	FIN	EUR	male
HG00343	0.1205704699999999	Low	11.461661341853036	HG00343	FIN	EUR	female
HG00344	-0.4128509099999999	Low	0.7188498402555911	HG00344	FIN	EUR	female
HG00345	0.1037007499999999	Low	10.942492012779551	HG00345	FIN	EUR	male
HG00346	-0.193342869	Low	3.1549520766773163	HG00346	FIN	EUR	female
HG00349	-0.2856059699999999	Low	2.196485623003195	HG00349	FIN	EUR	female
HG00350	0.44746456	Intermediate	26.71725239616613	HG00350	FIN	EUR	female
HG00351	0.661159528	Intermediate	41.49361022364217	HG00351	FIN	EUR	male
HG00353	0.2253936199999999	Low	15.2555910543131	HG00353	FIN	EUR	female
HG00355	-0.0135543239999999	Low	7.068690095846645	HG00355	FIN	EUR	female
HG00356	-0.0904142799999999	Low	5.1916932907348246	HG00356	FIN	EUR	female
HG00357	0.11469053	Low	11.301916932907348	HG00357	FIN	EUR	female
HG00358	-0.11747022	Low	4.63258785942492	HG00358	FIN	EUR	male
HG00360	0.2707289789999999	Low	17.252396166134183	HG00360	FIN	EUR	male
HG00361	0.1614500999999999	Low	12.939297124600635	HG00361	FIN	EUR	female
HG00362	-0.0518874509999999	Low	6.1501597444089455	HG00362	FIN	EUR	female
HG00364	0.16534981	Low	13.099041533546329	HG00364	FIN	EUR	female
HG00365	0.0760166799999999	Low	9.94408945686901	HG00365	FIN	EUR	female
HG00366	0.22551662	Low	15.295527156549522	HG00366	FIN	EUR	male
HG00367	0.09284843	Low	10.6629392971246	HG00367	FIN	EUR	female
HG00368	-0.0295123999999999	Low	6.469648562300319	HG00368	FIN	EUR	female
HG00369	0.23899622	Low	16.094249201277954	HG00369	FIN	EUR	male
HG00371	0.24066027	Low	16.134185303514375	HG00371	FIN	EUR	male
HG00372	0.0855802299999999	Low	10.263578274760384	HG00372	FIN	EUR	male
HG00373	0.572696175	Intermediate	34.46485623003195	HG00373	FIN	EUR	female
HG00375	0.072549343	Low	9.784345047923322	HG00375	FIN	EUR	male
HG00376	-0.0972407099999999	Low	5.031948881789138	HG00376	FIN	EUR	female
HG00378	0.62500685	Intermediate	38.65814696485623	HG00378	FIN	EUR	female
HG00379	0.0565346879999999	Low	9.26517571884984	HG00379	FIN	EUR	female
HG00380	0.1741715399999999	Low	13.4185303514377	HG00380	FIN	EUR	female
HG00381	0.2590891600000001	Low	17.012779552715653	HG00381	FIN	EUR	female
HG00382	0.26772372	Low	17.13258785942492	HG00382	FIN	EUR	male
HG00383	0.140898938	Low	12.420127795527156	HG00383	FIN	EUR	female
HG00384	0.1849943999999999	Low	13.89776357827476	HG00384	FIN	EUR	female
HG00403	0.9095823	Intermediate	66.1741214057508	HG00403	CHS	EAS	male
HG00404	0.8546204369999999	Intermediate	58.86581469648562	HG00404	CHS	EAS	female
HG00406	0.6872109500000001	Intermediate	43.65015974440895	HG00406	CHS	EAS	male
HG00407	0.6875682999999999	Intermediate	43.73003194888179	HG00407	CHS	EAS	female
HG00409	0.53673049	Intermediate	31.549520766773163	HG00409	CHS	EAS	male
HG00410	1.07640804	High	83.86581469648561	HG00410	CHS	EAS	female
HG00419	0.7004456000000001	Intermediate	45.20766773162939	HG00419	CHS	EAS	female
HG00421	1.02517401	Intermediate	79.35303514376997	HG00421	CHS	EAS	male
HG00422	1.033486766	Intermediate	79.99201277955271	HG00422	CHS	EAS	female
HG00428	1.0500860400000005	High	81.58945686900958	HG00428	CHS	EAS	female
HG00436	1.0886743600000004	High	85.02396166134186	HG00436	CHS	EAS	male
HG00437	0.956274182	Intermediate	71.52555910543131	HG00437	CHS	EAS	female
HG00442	0.76594109	Intermediate	50.75878594249201	HG00442	CHS	EAS	male
HG00443	0.54289914	Intermediate	32.3482428115016	HG00443	CHS	EAS	female
HG00445	0.7604136199999998	Intermediate	50.23961661341853	HG00445	CHS	EAS	male
HG00446	0.92321228	Intermediate	67.61182108626198	HG00446	CHS	EAS	female
HG00448	0.4276717699999998	Intermediate	25.399361022364214	HG00448	CHS	EAS	male
HG00449	0.54015271	Intermediate	32.06869009584665	HG00449	CHS	EAS	female
HG00451	0.80554229	Intermediate	53.79392971246006	HG00451	CHS	EAS	male
HG00452	0.8235037500000002	Intermediate	55.670926517571885	HG00452	CHS	EAS	female
HG00457	0.8721195399999999	Intermediate	61.142172523961655	HG00457	CHS	EAS	male
HG00458	0.72305494	Intermediate	47.40415335463259	HG00458	CHS	EAS	female
HG00463	0.5939865599999998	Intermediate	36.14217252396166	HG00463	CHS	EAS	male
HG00464	0.93532854	Intermediate	69.08945686900958	HG00464	CHS	EAS	female
HG00472	0.98571026	Intermediate	75.11980830670927	HG00472	CHS	EAS	male
HG00473	0.8125182949999998	Intermediate	54.71246006389776	HG00473	CHS	EAS	female
HG00475	0.66388359	Intermediate	41.69329073482428	HG00475	CHS	EAS	male
HG00476	0.783246012	Intermediate	52.07667731629393	HG00476	CHS	EAS	female
HG00478	0.9368254299999998	Intermediate	69.32907348242811	HG00478	CHS	EAS	male
HG00479	0.78012992	Intermediate	51.75718849840255	HG00479	CHS	EAS	female
HG00500	0.8545746599999999	Intermediate	58.78594249201278	HG00500	CHS	EAS	male
HG00513	1.6667039699999997	High	100.0	HG00513	CHS	EAS	female
HG00524	0.8525868400000001	Intermediate	58.54632587859425	HG00524	CHS	EAS	male
HG00525	0.96888203	Intermediate	73.3226837060703	HG00525	CHS	EAS	female
HG00530	0.9165749400000002	Intermediate	66.97284345047923	HG00530	CHS	EAS	male
HG00531	0.9613946000000002	Intermediate	72.40415335463258	HG00531	CHS	EAS	female
HG00533	0.56501498	Intermediate	33.58626198083067	HG00533	CHS	EAS	male
HG00534	1.02074421	Intermediate	78.95367412140575	HG00534	CHS	EAS	female
HG00536	1.11771378	High	87.38019169329073	HG00536	CHS	EAS	male
HG00537	1.13386877	High	89.1373801916933	HG00537	CHS	EAS	female
HG00542	0.45074436	Intermediate	26.797124600638977	HG00542	CHS	EAS	male
HG00543	0.5541664999999999	Intermediate	32.94728434504792	HG00543	CHS	EAS	female
HG00551	0.51767898	Intermediate	30.27156549520767	HG00551	PUR	AMR	female
HG00553	0.39127858	Intermediate	23.1629392971246	HG00553	PUR	AMR	male
HG00554	0.6547165299999997	Intermediate	40.69488817891374	HG00554	PUR	AMR	female
HG00556	1.020335537	Intermediate	78.8338658146965	HG00556	CHS	EAS	male
HG00557	1.11022155	High	86.98083067092651	HG00557	CHS	EAS	female
HG00559	0.93311736	Intermediate	68.65015974440894	HG00559	CHS	EAS	male
HG00560	0.6809427100000001	Intermediate	42.97124600638978	HG00560	CHS	EAS	female
HG00565	0.8258665600000001	Intermediate	56.03035143769968	HG00565	CHS	EAS	male
HG00566	0.4349362	Intermediate	25.798722044728432	HG00566	CHS	EAS	female
HG00580	0.565937973	Intermediate	33.78594249201278	HG00580	CHS	EAS	male
HG00581	0.55208347	Intermediate	32.82747603833866	HG00581	CHS	EAS	female
HG00583	0.3978502399999999	Intermediate	23.722044728434504	HG00583	CHS	EAS	male
HG00584	1.27748584	High	96.76517571884985	HG00584	CHS	EAS	female
HG00589	0.7652697999999999	Intermediate	50.67891373801917	HG00589	CHS	EAS	male
HG00590	1.41322834	High	99.20127795527156	HG00590	CHS	EAS	female
HG00592	0.92324493	Intermediate	67.65175718849841	HG00592	CHS	EAS	male
HG00593	0.95264896	Intermediate	71.08626198083067	HG00593	CHS	EAS	female
HG00595	0.8877344011	Intermediate	63.17891373801917	HG00595	CHS	EAS	male
HG00596	0.4836619439999999	Intermediate	28.23482428115016	HG00596	CHS	EAS	female
HG00598	0.99481061	Intermediate	75.99840255591054	HG00598	CHS	EAS	male
HG00599	0.8022313000000001	Intermediate	53.55431309904153	HG00599	CHS	EAS	female
HG00607	1.0025206699999998	Intermediate	76.91693290734824	HG00607	CHS	EAS	male
HG00608	0.8983485440000001	Intermediate	64.61661341853035	HG00608	CHS	EAS	female
HG00610	1.0059554	Intermediate	77.31629392971246	HG00610	CHS	EAS	male
HG00611	0.68083011	Intermediate	42.93130990415335	HG00611	CHS	EAS	female
HG00613	0.902664884	Intermediate	65.33546325878594	HG00613	CHS	EAS	male
HG00614	1.09858375	High	86.10223642172524	HG00614	CHS	EAS	female
HG00619	1.04589991	High	81.19009584664538	HG00619	CHS	EAS	male
HG00620	0.88755621	Intermediate	63.13897763578274	HG00620	CHS	EAS	female
HG00622	1.020554286	Intermediate	78.8738019169329	HG00622	CHS	EAS	male
HG00623	1.0148445799999997	Intermediate	78.39456869009584	HG00623	CHS	EAS	female
HG00625	1.20054378	High	93.65015974440894	HG00625	CHS	EAS	male
HG00626	0.542741864	Intermediate	32.308306709265175	HG00626	CHS	EAS	female
HG00628	0.7814686100000001	Intermediate	51.91693290734825	HG00628	CHS	EAS	male
HG00629	0.994296053	Intermediate	75.87859424920129	HG00629	CHS	EAS	female
HG00631	0.952297877	Intermediate	71.00638977635782	HG00631	CHS	EAS	male
HG00632	0.6919191499999998	Intermediate	44.129392971246006	HG00632	CHS	EAS	female
HG00634	0.9925476599999998	Intermediate	75.67891373801918	HG00634	CHS	EAS	male
HG00637	0.1862104299999999	Low	13.937699680511182	HG00637	PUR	AMR	male
HG00638	0.01065963	Low	7.907348242811501	HG00638	PUR	AMR	female
HG00640	0.3206458800000001	Low	19.80830670926517	HG00640	PUR	AMR	male
HG00641	0.40086406	Intermediate	24.12140575079872	HG00641	PUR	AMR	female
HG00650	0.97112221	Intermediate	73.60223642172524	HG00650	CHS	EAS	male
HG00651	0.8360571000000002	Intermediate	57.02875399361022	HG00651	CHS	EAS	female
HG00653	1.0596226000000002	High	82.34824281150159	HG00653	CHS	EAS	male
HG00654	0.975022056	Intermediate	74.24121405750799	HG00654	CHS	EAS	female
HG00656	1.0116205	Intermediate	78.03514376996804	HG00656	CHS	EAS	male
HG00657	0.6532196399999999	Intermediate	40.45527156549521	HG00657	CHS	EAS	female
HG00662	0.8226023499999997	Intermediate	55.55111821086262	HG00662	CHS	EAS	male
HG00663	0.7849266999999999	Intermediate	52.35623003194888	HG00663	CHS	EAS	female
HG00671	0.9487856699999998	Intermediate	70.68690095846645	HG00671	CHS	EAS	male
HG00672	0.9125601	Intermediate	66.41373801916933	HG00672	CHS	EAS	female
HG00674	1.1042895999999998	High	86.5814696485623	HG00674	CHS	EAS	male
HG00675	0.8748797679999999	Intermediate	61.46166134185304	HG00675	CHS	EAS	female
HG00683	1.0962889400000002	High	85.90255591054313	HG00683	CHS	EAS	male
HG00684	0.8198304	Intermediate	55.27156549520767	HG00684	CHS	EAS	female
HG00689	0.6737406199999999	Intermediate	42.37220447284345	HG00689	CHS	EAS	male
HG00690	0.80042547	Intermediate	53.43450479233227	HG00690	CHS	EAS	female
HG00692	1.01963592	Intermediate	78.6741214057508	HG00692	CHS	EAS	male
HG00693	0.6645369399999999	Intermediate	41.81309904153355	HG00693	CHS	EAS	female
HG00698	0.8185592300000001	Intermediate	55.191693290734825	HG00698	CHS	EAS	male
HG00699	0.8497413100000002	Intermediate	58.18690095846646	HG00699	CHS	EAS	female
HG00701	0.7040800799999999	Intermediate	45.48722044728434	HG00701	CHS	EAS	male
HG00704	0.7525515610000001	Intermediate	49.72044728434505	HG00704	CHS	EAS	male
HG00705	0.8736073560000003	Intermediate	61.2220447284345	HG00705	CHS	EAS	female
HG00707	0.6230969705699999	Intermediate	38.53833865814696	HG00707	CHS	EAS	male
HG00708	0.24978279	Low	16.65335463258786	HG00708	CHS	EAS	female
HG00717	1.28745339	High	97.20447284345047	HG00717	CHS	EAS	female
HG00728	0.5328006599999999	Intermediate	31.34984025559105	HG00728	CHS	EAS	male
HG00729	0.9360415300000002	Intermediate	69.129392971246	HG00729	CHS	EAS	female
HG00731	0.401666336	Intermediate	24.201277955271568	HG00731	PUR	AMR	male
HG00732	0.6292214600000001	Intermediate	38.93769968051119	HG00732	PUR	AMR	female
HG00734	0.2525260678	Low	16.773162939297126	HG00734	PUR	AMR	female
HG00736	0.394094838	Intermediate	23.362619808306707	HG00736	PUR	AMR	male
HG00737	0.684529193	Intermediate	43.41054313099041	HG00737	PUR	AMR	female
HG00739	0.1826458999999999	Low	13.817891373801915	HG00739	PUR	AMR	male
HG00740	0.20404091	Low	14.616613418530353	HG00740	PUR	AMR	female
HG00742	0.08087281	Low	10.103833865814696	HG00742	PUR	AMR	male
HG00743	0.8054217199999999	Intermediate	53.75399361022364	HG00743	PUR	AMR	female
HG00759	0.96889881	Intermediate	73.3626198083067	HG00759	CDX	EAS	female
HG00766	1.1049292229999996	High	86.62140575079871	HG00766	CDX	EAS	female
HG00844	1.1478678750000002	High	89.93610223642172	HG00844	CDX	EAS	male
HG00851	1.16820222	High	91.7332268370607	HG00851	CDX	EAS	female
HG00864	0.9707367	Intermediate	73.5223642172524	HG00864	CDX	EAS	female
HG00867	0.59047899	Intermediate	35.94249201277955	HG00867	CDX	EAS	female
HG00879	0.7127340499999999	Intermediate	46.56549520766774	HG00879	CDX	EAS	female
HG00881	0.7279888700000001	Intermediate	47.64376996805112	HG00881	CDX	EAS	male
HG00956	1.0269063160000005	Intermediate	79.51277955271566	HG00956	CDX	EAS	female
HG00978	1.1476098599999998	High	89.89616613418531	HG00978	CDX	EAS	female
HG00982	0.5916038099999998	Intermediate	35.98242811501598	HG00982	CDX	EAS	male
HG01028	0.8650194999999998	Intermediate	60.26357827476039	HG01028	CDX	EAS	male
HG01029	0.8545698700000001	Intermediate	58.74600638977636	HG01029	CDX	EAS	female
HG01031	0.8843292999999999	Intermediate	62.85942492012779	HG01031	CDX	EAS	male
HG01046	1.11463089	High	87.1405750798722	HG01046	CDX	EAS	female
HG01047	0.24148623	Low	16.21405750798722	HG01047	PUR	AMR	male
HG01048	0.1682376049999999	Low	13.258785942492011	HG01048	PUR	AMR	male
HG01049	0.6015911199999999	Intermediate	36.74121405750799	HG01049	PUR	AMR	female
HG01051	0.4161122	Intermediate	25.0	HG01051	PUR	AMR	male
HG01052	0.8895300100000002	Intermediate	63.33865814696485	HG01052	PUR	AMR	female
HG01054	0.12120989	Low	11.501597444089455	HG01054	PUR	AMR	male
HG01055	-0.182335298	Low	3.3146964856230032	HG01055	PUR	AMR	female
HG01058	0.3786261199999999	Intermediate	22.48402555910543	HG01058	PUR	AMR	female
HG01060	-0.102367702	Low	4.832268370607029	HG01060	PUR	AMR	male
HG01061	0.3714619699999999	Intermediate	22.164536741214057	HG01061	PUR	AMR	female
HG01063	0.58738114	Intermediate	35.623003194888184	HG01063	PUR	AMR	male
HG01064	0.94101436	Intermediate	69.80830670926518	HG01064	PUR	AMR	female
HG01066	0.5691009119999997	Intermediate	34.06549520766774	HG01066	PUR	AMR	male
HG01067	0.4623088399999999	Intermediate	27.43610223642173	HG01067	PUR	AMR	female
HG01069	0.7336599629999999	Intermediate	48.08306709265175	HG01069	PUR	AMR	male
HG01070	0.00025864	Low	7.587859424920127	HG01070	PUR	AMR	female
HG01072	0.4961238599999999	Intermediate	28.793929712460063	HG01072	PUR	AMR	male
HG01073	0.194631003	Low	14.416932907348242	HG01073	PUR	AMR	female
HG01075	0.5829203700000001	Intermediate	35.3035143769968	HG01075	PUR	AMR	male
HG01077	0.3255726340000001	Low	20.007987220447284	HG01077	PUR	AMR	female
HG01079	0.4347557799999999	Intermediate	25.75878594249201	HG01079	PUR	AMR	male
HG01080	0.26010641	Low	17.052715654952078	HG01080	PUR	AMR	female
HG01082	0.4596593699999999	Intermediate	27.316293929712455	HG01082	PUR	AMR	male
HG01083	0.40166057	Intermediate	24.161341853035143	HG01083	PUR	AMR	female
HG01085	0.696832061	Intermediate	44.64856230031949	HG01085	PUR	AMR	male
HG01086	0.21826414	Low	15.015974440894569	HG01086	PUR	AMR	female
HG01088	0.0209104799999999	Low	8.226837060702875	HG01088	PUR	AMR	male
HG01089	0.09169961	Low	10.543130990415335	HG01089	PUR	AMR	female
HG01092	0.50404487	Intermediate	29.313099041533548	HG01092	PUR	AMR	female
HG01094	0.8126358399999999	Intermediate	54.75239616613419	HG01094	PUR	AMR	male
HG01095	-0.4759764240999999	Low	0.3594249201277955	HG01095	PUR	AMR	female
HG01097	-0.07557084	Low	5.5910543130990416	HG01097	PUR	AMR	male
HG01098	0.6030274999999999	Intermediate	36.90095846645367	HG01098	PUR	AMR	female
HG01101	0.63622169	Intermediate	39.29712460063898	HG01101	PUR	AMR	male
HG01102	0.0547670611999999	Low	9.145367412140574	HG01102	PUR	AMR	female
HG01104	0.29010564	Low	18.490415335463258	HG01104	PUR	AMR	male
HG01105	0.14107261	Low	12.460063897763575	HG01105	PUR	AMR	female
HG01107	0.1933530399999999	Low	14.297124600638975	HG01107	PUR	AMR	male
HG01108	0.57619538	Intermediate	34.70447284345048	HG01108	PUR	AMR	female
HG01110	0.1024331999999999	Low	10.86261980830671	HG01110	PUR	AMR	male
HG01111	0.42205856	Intermediate	25.19968051118211	HG01111	PUR	AMR	female
HG01112	0.40852349	Intermediate	24.48083067092652	HG01112	CLM	AMR	male
HG01113	0.29166777	Low	18.570287539936103	HG01113	CLM	AMR	female
HG01119	0.17317197	Low	13.378594249201278	HG01119	CLM	AMR	female
HG01121	0.4286966200000001	Intermediate	25.47923322683706	HG01121	CLM	AMR	male
HG01122	0.44476491	Intermediate	26.477635782747605	HG01122	CLM	AMR	female
HG01124	0.335108304	Intermediate	20.60702875399361	HG01124	CLM	AMR	male
HG01125	0.6754697200000002	Intermediate	42.57188498402556	HG01125	CLM	AMR	female
HG01130	0.4581169	Intermediate	27.27635782747604	HG01130	CLM	AMR	male
HG01131	0.2343023799999999	Low	15.774760383386582	HG01131	CLM	AMR	female
HG01133	0.5267078640000001	Intermediate	30.870607028753994	HG01133	CLM	AMR	male
HG01134	0.6125709600000001	Intermediate	37.73961661341853	HG01134	CLM	AMR	female
HG01136	0.944328205	Intermediate	70.2076677316294	HG01136	CLM	AMR	male
HG01137	0.5680668600000002	Intermediate	33.945686900958464	HG01137	CLM	AMR	female
HG01139	0.47615287	Intermediate	27.79552715654952	HG01139	CLM	AMR	male
HG01140	0.3938896199999999	Intermediate	23.322683706070286	HG01140	CLM	AMR	female
HG01142	0.66534964	Intermediate	41.853035143769965	HG01142	CLM	AMR	male
HG01148	0.52599402	Intermediate	30.75079872204473	HG01148	CLM	AMR	male
HG01149	0.8591102509999999	Intermediate	59.70447284345048	HG01149	CLM	AMR	female
HG01161	1.04852592	High	81.4297124600639	HG01161	PUR	AMR	male
HG01162	0.5735724629999999	Intermediate	34.584664536741215	HG01162	PUR	AMR	female
HG01164	0.28176297	Low	18.051118210862622	HG01164	PUR	AMR	male
HG01167	1.024209741	Intermediate	79.27316293929712	HG01167	PUR	AMR	male
HG01168	-0.3869009959999999	Low	1.038338658146965	HG01168	PUR	AMR	female
HG01170	0.6538651799999998	Intermediate	40.495207667731634	HG01170	PUR	AMR	male
HG01171	0.38139068	Intermediate	22.72364217252396	HG01171	PUR	AMR	female
HG01173	0.5831008200000001	Intermediate	35.343450479233226	HG01173	PUR	AMR	male
HG01174	0.0512721999999999	Low	8.985623003194888	HG01174	PUR	AMR	female
HG01176	0.31310664	Low	19.249201277955272	HG01176	PUR	AMR	male
HG01177	0.4807106	Intermediate	27.99520766773163	HG01177	PUR	AMR	female
HG01182	-0.0205399999999999	Low	6.9089456869009584	HG01182	PUR	AMR	male
HG01183	0.47186622	Intermediate	27.67571884984025	HG01183	PUR	AMR	female
HG01187	0.7003051800000001	Intermediate	45.12779552715655	HG01187	PUR	AMR	male
HG01188	0.3656405	Intermediate	21.72523961661342	HG01188	PUR	AMR	female
HG01190	0.839942841	Intermediate	57.5479233226837	HG01190	PUR	AMR	male
HG01191	0.2953804699999999	Low	18.650159744408946	HG01191	PUR	AMR	female
HG01197	0.04451706	Low	8.78594249201278	HG01197	PUR	AMR	male
HG01198	0.48123087	Intermediate	28.075079872204476	HG01198	PUR	AMR	female
HG01200	0.0076796909999999	Low	7.787539936102236	HG01200	PUR	AMR	male
HG01204	0.5418783399999999	Intermediate	32.18849840255591	HG01204	PUR	AMR	male
HG01205	0.3148046529999999	Low	19.40894568690096	HG01205	PUR	AMR	female
HG01241	0.924256089	Intermediate	67.89137380191693	HG01241	PUR	AMR	male
HG01242	0.5997140599999998	Intermediate	36.66134185303515	HG01242	PUR	AMR	female
HG01247	0.2147448462999999	Low	14.936102236421725	HG01247	PUR	AMR	male
HG01248	0.33723632	Intermediate	20.64696485623003	HG01248	PUR	AMR	female
HG01250	0.6602891399999999	Intermediate	41.33386581469649	HG01250	CLM	AMR	male
HG01251	0.313741526	Low	19.369009584664536	HG01251	CLM	AMR	female
HG01253	0.5971964801099999	Intermediate	36.46166134185304	HG01253	CLM	AMR	male
HG01254	0.36777171	Intermediate	21.884984025559103	HG01254	CLM	AMR	female
HG01256	0.56543554	Intermediate	33.626198083067095	HG01256	CLM	AMR	male
HG01257	0.2706914899999999	Low	17.212460063897765	HG01257	CLM	AMR	female
HG01259	0.65077806	Intermediate	40.29552715654952	HG01259	CLM	AMR	male
HG01260	0.5022302651	Intermediate	29.273162939297126	HG01260	CLM	AMR	female
HG01269	0.42213181	Intermediate	25.23961661341853	HG01269	CLM	AMR	female
HG01271	0.5706773310000001	Intermediate	34.26517571884984	HG01271	CLM	AMR	male
HG01272	0.3409178	Intermediate	20.84664536741214	HG01272	CLM	AMR	female
HG01275	-0.0883264199999999	Low	5.31150159744409	HG01275	CLM	AMR	female
HG01277	0.7668384299999998	Intermediate	50.79872204472844	HG01277	CLM	AMR	male
HG01280	0.42526623	Intermediate	25.359424920127797	HG01280	CLM	AMR	male
HG01281	0.8264490860000001	Intermediate	56.15015974440895	HG01281	CLM	AMR	female
HG01284	0.41581032	Intermediate	24.96006389776358	HG01284	CLM	AMR	female
HG01286	0.6088880899999999	Intermediate	37.42012779552716	HG01286	PUR	AMR	male
HG01302	0.3126413659999999	Low	19.20926517571885	HG01302	PUR	AMR	male
HG01303	0.7832847300000001	Intermediate	52.11661341853036	HG01303	PUR	AMR	female
HG01305	0.6348466	Intermediate	39.21725239616614	HG01305	PUR	AMR	male
HG01308	0.374793317	Intermediate	22.36421725239617	HG01308	PUR	AMR	male
HG01311	0.47432763	Intermediate	27.7555910543131	HG01311	PUR	AMR	male
HG01312	0.26427516	Low	17.0926517571885	HG01312	PUR	AMR	female
HG01323	0.338467702	Intermediate	20.68690095846645	HG01323	PUR	AMR	female
HG01325	0.30832774	Low	19.009584664536742	HG01325	PUR	AMR	male
HG01326	0.5262382289999998	Intermediate	30.790734824281152	HG01326	PUR	AMR	female
HG01334	0.0767918	Low	9.984025559105431	HG01334	GBR	EUR	male
HG01341	1.2487045	High	95.6070287539936	HG01341	CLM	AMR	male
HG01342	0.847965685	Intermediate	58.06709265175719	HG01342	CLM	AMR	female
HG01344	0.5604675899999999	Intermediate	33.30670926517572	HG01344	CLM	AMR	male
HG01345	0.0711987019999999	Low	9.7444089456869	HG01345	CLM	AMR	female
HG01348	0.3155794499999999	Low	19.448881789137378	HG01348	CLM	AMR	female
HG01350	0.5324049700000001	Intermediate	31.26996805111821	HG01350	CLM	AMR	male
HG01351	0.5811775000000001	Intermediate	35.22364217252396	HG01351	CLM	AMR	female
HG01353	0.2206828999999999	Low	15.135782747603836	HG01353	CLM	AMR	male
HG01354	0.0874801	Low	10.383386581469647	HG01354	CLM	AMR	female
HG01356	0.27368982	Low	17.37220447284345	HG01356	CLM	AMR	male
HG01357	0.32794006	Intermediate	20.16773162939297	HG01357	CLM	AMR	female
HG01359	0.400837736	Intermediate	24.04153354632588	HG01359	CLM	AMR	male
HG01360	0.34546286	Intermediate	21.12619808306709	HG01360	CLM	AMR	female
HG01362	0.5430801000000001	Intermediate	32.38817891373802	HG01362	CLM	AMR	male
HG01363	0.3941567	Intermediate	23.40255591054313	HG01363	CLM	AMR	female
HG01365	0.47799402	Intermediate	27.875399361022364	HG01365	CLM	AMR	male
HG01366	0.1899625699999999	Low	14.13738019169329	HG01366	CLM	AMR	female
HG01369	0.83088088	Intermediate	56.58945686900958	HG01369	CLM	AMR	female
HG01372	0.76350866	Intermediate	50.43929712460064	HG01372	CLM	AMR	female
HG01374	0.1545104699999999	Low	12.779552715654953	HG01374	CLM	AMR	male
HG01375	0.5714038319999999	Intermediate	34.34504792332269	HG01375	CLM	AMR	female
HG01377	0.62692234	Intermediate	38.81789137380191	HG01377	CLM	AMR	male
HG01378	0.58049203	Intermediate	35.14376996805112	HG01378	CLM	AMR	female
HG01383	0.5415248609999997	Intermediate	32.14856230031949	HG01383	CLM	AMR	male
HG01384	0.5862876499999998	Intermediate	35.543130990415335	HG01384	CLM	AMR	female
HG01389	0.71717732	Intermediate	46.84504792332269	HG01389	CLM	AMR	male
HG01390	0.952385587	Intermediate	71.04632587859425	HG01390	CLM	AMR	female
HG01392	0.4209314369999999	Intermediate	25.07987220447284	HG01392	PUR	AMR	male
HG01393	0.6645345900000001	Intermediate	41.77316293929712	HG01393	PUR	AMR	female
HG01395	0.54261626	Intermediate	32.22843450479233	HG01395	PUR	AMR	male
HG01396	-0.11816516	Low	4.592651757188499	HG01396	PUR	AMR	female
HG01398	0.9351428000000002	Intermediate	69.00958466453673	HG01398	PUR	AMR	male
HG01402	0.2740460979999999	Low	17.492012779552716	HG01402	PUR	AMR	male
HG01403	0.4813618059999999	Intermediate	28.11501597444089	HG01403	PUR	AMR	female
HG01405	0.32541755	Low	19.968051118210862	HG01405	PUR	AMR	male
HG01412	0.6047445586000001	Intermediate	37.06070287539936	HG01412	PUR	AMR	male
HG01413	0.8370534	Intermediate	57.108626198083066	HG01413	PUR	AMR	male
HG01414	0.64849297	Intermediate	40.05591054313099	HG01414	PUR	AMR	female
HG01431	0.6639647900000001	Intermediate	41.73322683706071	HG01431	CLM	AMR	male
HG01432	0.3877219	Intermediate	23.003194888178918	HG01432	CLM	AMR	female
HG01435	0.6041627800000001	Intermediate	36.98083067092652	HG01435	CLM	AMR	female
HG01437	-0.16592192	Low	3.634185303514377	HG01437	CLM	AMR	male
HG01438	-0.06886725	Low	5.790734824281151	HG01438	CLM	AMR	female
HG01440	0.8499602900000001	Intermediate	58.22683706070288	HG01440	CLM	AMR	male
HG01441	0.8168888129999999	Intermediate	55.11182108626198	HG01441	CLM	AMR	female
HG01443	0.53279823	Intermediate	31.309904153354637	HG01443	CLM	AMR	male
HG01444	0.6556268900000003	Intermediate	40.814696485623	HG01444	CLM	AMR	female
HG01447	0.6204741600000001	Intermediate	38.4185303514377	HG01447	CLM	AMR	female
HG01455	0.24694047	Low	16.533546325878596	HG01455	CLM	AMR	male
HG01456	0.64605894	Intermediate	39.81629392971246	HG01456	CLM	AMR	female
HG01459	1.1175383	High	87.34025559105432	HG01459	CLM	AMR	female
HG01461	0.6095347799999999	Intermediate	37.5	HG01461	CLM	AMR	male
HG01462	1.00746972	Intermediate	77.63578274760383	HG01462	CLM	AMR	female
HG01464	0.7684686399999998	Intermediate	50.87859424920128	HG01464	CLM	AMR	male
HG01465	0.53727512	Intermediate	31.709265175718848	HG01465	CLM	AMR	female
HG01468	0.558696459	Intermediate	33.18690095846645	HG01468	CLM	AMR	female
HG01474	0.278783352	Low	17.771565495207668	HG01474	CLM	AMR	female
HG01479	-0.02304834	Low	6.8290734824281145	HG01479	CLM	AMR	male
HG01485	0.80766171	Intermediate	54.153354632587856	HG01485	CLM	AMR	male
HG01486	0.3029360599999999	Low	18.76996805111821	HG01486	CLM	AMR	female
HG01488	0.440279858	Intermediate	26.078274760383387	HG01488	CLM	AMR	male
HG01489	0.2807550499999999	Low	17.971246006389777	HG01489	CLM	AMR	female
HG01491	0.9979272776	Intermediate	76.39776357827476	HG01491	CLM	AMR	male
HG01492	0.24838513	Low	16.61341853035144	HG01492	CLM	AMR	female
HG01494	0.54730261	Intermediate	32.62779552715655	HG01494	CLM	AMR	male
HG01495	0.3989474959999999	Intermediate	23.921725239616613	HG01495	CLM	AMR	female
HG01497	0.6250164100000001	Intermediate	38.698083067092654	HG01497	CLM	AMR	male
HG01498	0.97250593	Intermediate	73.80191693290735	HG01498	CLM	AMR	female
HG01500	0.4407815799999999	Intermediate	26.118210862619804	HG01500	IBS	EUR	male
HG01501	0.228164968	Low	15.495207667731629	HG01501	IBS	EUR	female
HG01503	0.43221302	Intermediate	25.599041533546323	HG01503	IBS	EUR	male
HG01504	0.43149191	Intermediate	25.51916932907348	HG01504	IBS	EUR	female
HG01506	-0.01962035	Low	6.94888178913738	HG01506	IBS	EUR	male
HG01507	0.1934359	Low	14.337060702875398	HG01507	IBS	EUR	female
HG01509	0.2323127899999999	Low	15.73482428115016	HG01509	IBS	EUR	male
HG01510	-0.3436573	Low	1.437699680511182	HG01510	IBS	EUR	female
HG01512	0.41542813	Intermediate	24.920127795527154	HG01512	IBS	EUR	male
HG01513	0.0080841389999999	Low	7.827476038338658	HG01513	IBS	EUR	female
HG01515	0.5101389	Intermediate	29.67252396166134	HG01515	IBS	EUR	male
HG01516	0.14153603	Low	12.5	HG01516	IBS	EUR	female
HG01518	0.0888892849999999	Low	10.503194888178914	HG01518	IBS	EUR	male
HG01519	0.063200603	Low	9.544728434504792	HG01519	IBS	EUR	female
HG01521	0.2738955299999999	Low	17.452076677316295	HG01521	IBS	EUR	male
HG01522	-0.0334692299999999	Low	6.349840255591055	HG01522	IBS	EUR	female
HG01524	0.1121397049999999	Low	11.222044728434504	HG01524	IBS	EUR	male
HG01525	0.1457049599999999	Low	12.619808306709263	HG01525	IBS	EUR	female
HG01527	0.2738388300000001	Low	17.412140575079874	HG01527	IBS	EUR	male
HG01528	0.117293667	Low	11.341853035143773	HG01528	IBS	EUR	female
HG01530	0.067800601	Low	9.664536741214055	HG01530	IBS	EUR	male
HG01531	-0.3517984199999999	Low	1.3977635782747604	HG01531	IBS	EUR	female
HG01536	0.0582678999999999	Low	9.305111821086262	HG01536	IBS	EUR	male
HG01537	0.36289642	Intermediate	21.645367412140576	HG01537	IBS	EUR	female
HG01550	0.7846702329999998	Intermediate	52.31629392971247	HG01550	CLM	AMR	male
HG01551	0.3967911700000001	Intermediate	23.60223642172524	HG01551	CLM	AMR	female
HG01556	0.3305143587	Intermediate	20.287539936102235	HG01556	CLM	AMR	male
HG01565	0.6617970900000001	Intermediate	41.57348242811501	HG01565	PEL	AMR	male
HG01566	0.55064556	Intermediate	32.74760383386581	HG01566	PEL	AMR	female
HG01571	1.2277379599999994	High	95.16773162939296	HG01571	PEL	AMR	male
HG01572	1.27155264	High	96.40575079872204	HG01572	PEL	AMR	female
HG01577	0.95715829	Intermediate	71.60543130990416	HG01577	PEL	AMR	male
HG01578	0.8786291869999999	Intermediate	61.861022364217256	HG01578	PEL	AMR	female
HG01583	0.6313876150000001	Intermediate	39.13738019169329	HG01583	PJL	SAS	male
HG01586	0.7459667599999998	Intermediate	49.281150159744406	HG01586	PJL	SAS	male
HG01589	0.4931022299999998	Intermediate	28.51437699680511	HG01589	PJL	SAS	male
HG01593	0.85777641	Intermediate	59.42492012779552	HG01593	PJL	SAS	female
HG01595	0.955099568	Intermediate	71.3258785942492	HG01595	KHV	EAS	female
HG01596	0.67800192	Intermediate	42.77156549520767	HG01596	KHV	EAS	male
HG01597	0.8570857700000001	Intermediate	59.30511182108626	HG01597	KHV	EAS	female
HG01598	0.89071623	Intermediate	63.53833865814696	HG01598	KHV	EAS	female
HG01599	0.59648728	Intermediate	36.3817891373802	HG01599	KHV	EAS	female
HG01600	0.7168360999999999	Intermediate	46.76517571884984	HG01600	KHV	EAS	female
HG01602	0.23690552	Low	15.894568690095848	HG01602	IBS	EUR	female
HG01603	0.062911106	Low	9.504792332268371	HG01603	IBS	EUR	male
HG01605	0.0988953599999999	Low	10.822683706070288	HG01605	IBS	EUR	female
HG01606	0.33458831	Intermediate	20.56709265175719	HG01606	IBS	EUR	male
HG01607	-0.02381276	Low	6.749201277955272	HG01607	IBS	EUR	female
HG01608	0.4448464669999999	Intermediate	26.517571884984022	HG01608	IBS	EUR	male
HG01610	0.1694660099999999	Low	13.298722044728434	HG01610	IBS	EUR	male
HG01612	0.4533376399999999	Intermediate	26.99680511182109	HG01612	IBS	EUR	female
HG01613	0.1938675999999999	Low	14.376996805111824	HG01613	IBS	EUR	female
HG01615	0.18673343	Low	14.017571884984026	HG01615	IBS	EUR	male
HG01617	0.3177790326999999	Low	19.72843450479233	HG01617	IBS	EUR	male
HG01618	0.6902300599999999	Intermediate	43.88977635782748	HG01618	IBS	EUR	female
HG01619	-0.007240695	Low	7.348242811501597	HG01619	IBS	EUR	male
HG01620	0.074967929	Low	9.904153354632587	HG01620	IBS	EUR	female
HG01623	0.4137962599999999	Intermediate	24.80031948881789	HG01623	IBS	EUR	female
HG01624	0.3064569	Low	18.88977635782748	HG01624	IBS	EUR	male
HG01625	0.02699828	Low	8.426517571884984	HG01625	IBS	EUR	male
HG01626	0.08778258	Low	10.463258785942491	HG01626	IBS	EUR	female
HG01628	0.4938554999999999	Intermediate	28.63418530351437	HG01628	IBS	EUR	female
HG01630	0.4107914400000001	Intermediate	24.640575079872203	HG01630	IBS	EUR	male
HG01631	0.207309447	Low	14.696485623003197	HG01631	IBS	EUR	male
HG01632	-0.1698147299999999	Low	3.514376996805112	HG01632	IBS	EUR	female
HG01668	0.3750193	Intermediate	22.404153354632587	HG01668	IBS	EUR	female
HG01669	0.4997468700000001	Intermediate	29.0335463258786	HG01669	IBS	EUR	male
HG01670	-0.18097523	Low	3.3546325878594248	HG01670	IBS	EUR	female
HG01672	0.2087427899999999	Low	14.736421725239618	HG01672	IBS	EUR	male
HG01673	0.1904877259999999	Low	14.177316293929712	HG01673	IBS	EUR	female
HG01675	0.1747572	Low	13.498402555910545	HG01675	IBS	EUR	male
HG01676	0.36072291	Intermediate	21.60543130990415	HG01676	IBS	EUR	female
HG01678	-0.12286586	Low	4.432907348242812	HG01678	IBS	EUR	male
HG01679	0.138999751	Low	12.300319488817893	HG01679	IBS	EUR	female
HG01680	0.02364476	Low	8.34664536741214	HG01680	IBS	EUR	male
HG01682	0.0735705899999999	Low	9.864217252396166	HG01682	IBS	EUR	male
HG01684	0.0466293399999999	Low	8.8258785942492	HG01684	IBS	EUR	female
HG01685	0.22065497	Low	15.095846645367413	HG01685	IBS	EUR	female
HG01686	0.66922539	Intermediate	42.01277955271566	HG01686	IBS	EUR	male
HG01694	-0.0029749899999999	Low	7.468051118210862	HG01694	IBS	EUR	male
HG01695	0.133080451	Low	12.020766773162938	HG01695	IBS	EUR	female
HG01697	0.1449020099999999	Low	12.579872204472844	HG01697	IBS	EUR	female
HG01699	0.2861446999999999	Low	18.370607028753994	HG01699	IBS	EUR	male
HG01700	0.3990870799999998	Intermediate	23.961661341853038	HG01700	IBS	EUR	male
HG01702	-0.1392185099999999	Low	3.913738019169329	HG01702	IBS	EUR	female
HG01704	-0.3840634099999999	Low	1.0782747603833864	HG01704	IBS	EUR	female
HG01705	0.28249659	Low	18.130990415335464	HG01705	IBS	EUR	male
HG01707	0.18427779	Low	13.85782747603834	HG01707	IBS	EUR	female
HG01708	0.52320786	Intermediate	30.471246006389773	HG01708	IBS	EUR	male
HG01709	0.3426680000000001	Intermediate	20.966453674121404	HG01709	IBS	EUR	male
HG01710	0.481063368943	Intermediate	28.03514376996805	HG01710	IBS	EUR	female
HG01746	0.09243385	Low	10.62300319488818	HG01746	IBS	EUR	female
HG01747	0.1029398189999999	Low	10.90255591054313	HG01747	IBS	EUR	male
HG01756	0.168138892	Low	13.218849840255592	HG01756	IBS	EUR	male
HG01757	0.15201731	Low	12.699680511182107	HG01757	IBS	EUR	female
HG01761	0.231696305	Low	15.654952076677317	HG01761	IBS	EUR	male
HG01762	-0.3243869799999999	Low	1.7172523961661343	HG01762	IBS	EUR	female
HG01765	-0.1265976	Low	4.313099041533546	HG01765	IBS	EUR	male
HG01766	0.18203139	Low	13.738019169329077	HG01766	IBS	EUR	female
HG01767	0.39978987	Intermediate	24.00159744408945	HG01767	IBS	EUR	male
HG01768	-0.3309076299999999	Low	1.6773162939297124	HG01768	IBS	EUR	female
HG01770	0.3489746100000001	Intermediate	21.206070287539937	HG01770	IBS	EUR	female
HG01771	-0.018868032	Low	7.028753993610224	HG01771	IBS	EUR	male
HG01773	0.7723794900000001	Intermediate	51.15814696485623	HG01773	IBS	EUR	female
HG01775	-0.010030704	Low	7.188498402555911	HG01775	IBS	EUR	male
HG01776	0.0519576	Low	9.025559105431311	HG01776	IBS	EUR	female
HG01777	-0.199630888	Low	2.9952076677316293	HG01777	IBS	EUR	male
HG01779	-0.0788937899999999	Low	5.511182108626199	HG01779	IBS	EUR	female
HG01781	0.3269841	Intermediate	20.12779552715655	HG01781	IBS	EUR	male
HG01783	0.0146898699999999	Low	8.10702875399361	HG01783	IBS	EUR	male
HG01784	0.0442029799999999	Low	8.746006389776358	HG01784	IBS	EUR	female
HG01785	0.13076783	Low	11.940894568690096	HG01785	IBS	EUR	male
HG01786	0.2561195599999999	Low	16.89297124600639	HG01786	IBS	EUR	female
HG01789	0.0030852057	Low	7.667731629392971	HG01789	GBR	EUR	male
HG01790	0.27543513	Low	17.6517571884984	HG01790	GBR	EUR	female
HG01791	0.0121726299999999	Low	7.987220447284344	HG01791	GBR	EUR	male
HG01794	0.8056278360000001	Intermediate	53.833865814696495	HG01794	CDX	EAS	female
HG01795	1.06806312	High	82.94728434504792	HG01795	CDX	EAS	female
HG01796	1.0265638759999998	Intermediate	79.47284345047923	HG01796	CDX	EAS	female
HG01797	1.06834045	High	83.02715654952077	HG01797	CDX	EAS	female
HG01798	0.68427866	Intermediate	43.370607028754	HG01798	CDX	EAS	female
HG01799	0.92406471	Intermediate	67.77156549520767	HG01799	CDX	EAS	female
HG01800	0.6980275	Intermediate	44.8482428115016	HG01800	CDX	EAS	female
HG01801	1.0423823200000002	High	80.71086261980831	HG01801	CDX	EAS	female
HG01802	0.6597929599999999	Intermediate	41.21405750798722	HG01802	CDX	EAS	female
HG01804	0.7557690000000001	Intermediate	49.88019169329074	HG01804	CDX	EAS	female
HG01805	1.3196662500000005	High	98.12300319488818	HG01805	CDX	EAS	female
HG01806	0.5517807	Intermediate	32.78753993610224	HG01806	CDX	EAS	female
HG01807	0.596018365	Intermediate	36.26198083067093	HG01807	CDX	EAS	female
HG01808	0.64716998	Intermediate	39.8961661341853	HG01808	CDX	EAS	female
HG01809	0.98736296	Intermediate	75.23961661341852	HG01809	CDX	EAS	female
HG01810	0.91652062	Intermediate	66.93290734824281	HG01810	CDX	EAS	male
HG01811	0.45424904	Intermediate	27.076677316293928	HG01811	CDX	EAS	male
HG01812	0.8447165700000001	Intermediate	57.86741214057509	HG01812	CDX	EAS	female
HG01813	0.8245525200000002	Intermediate	55.79073482428115	HG01813	CDX	EAS	female
HG01815	0.7787163	Intermediate	51.67731629392971	HG01815	CDX	EAS	female
HG01816	0.83831488	Intermediate	57.308306709265175	HG01816	CDX	EAS	male
HG01817	0.6216613289999999	Intermediate	38.49840255591055	HG01817	CDX	EAS	female
HG01840	0.6481280429999999	Intermediate	39.936102236421725	HG01840	KHV	EAS	male
HG01841	1.1654959000000005	High	91.573482428115	HG01841	KHV	EAS	female
HG01842	0.95603612	Intermediate	71.48562300319489	HG01842	KHV	EAS	male
HG01843	0.94462277	Intermediate	70.24760383386581	HG01843	KHV	EAS	female
HG01844	0.7347729100000001	Intermediate	48.322683706070286	HG01844	KHV	EAS	male
HG01845	1.01208146	Intermediate	78.07507987220448	HG01845	KHV	EAS	female
HG01846	0.5090825800000002	Intermediate	29.5926517571885	HG01846	KHV	EAS	male
HG01847	1.1186349999999998	High	87.57987220447284	HG01847	KHV	EAS	female
HG01848	0.7786251600000001	Intermediate	51.637380191693296	HG01848	KHV	EAS	female
HG01849	1.3162268999999998	High	98.00319488817892	HG01849	KHV	EAS	male
HG01850	0.657145874	Intermediate	41.01437699680511	HG01850	KHV	EAS	female
HG01851	0.547265524	Intermediate	32.54792332268371	HG01851	KHV	EAS	female
HG01852	0.76793118	Intermediate	50.83865814696485	HG01852	KHV	EAS	male
HG01853	0.8721021900000001	Intermediate	61.102236421725244	HG01853	KHV	EAS	female
HG01855	0.91019599	Intermediate	66.21405750798722	HG01855	KHV	EAS	female
HG01857	0.6213645299999999	Intermediate	38.45846645367412	HG01857	KHV	EAS	female
HG01858	0.87741841	Intermediate	61.82108626198083	HG01858	KHV	EAS	female
HG01859	0.6896959500000002	Intermediate	43.849840255591054	HG01859	KHV	EAS	female
HG01860	1.00869465	Intermediate	77.67571884984025	HG01860	KHV	EAS	male
HG01861	0.9607456	Intermediate	72.28434504792332	HG01861	KHV	EAS	male
HG01862	0.5799519900000002	Intermediate	35.02396166134185	HG01862	KHV	EAS	female
HG01863	1.1484550100000002	High	90.05591054313099	HG01863	KHV	EAS	female
HG01864	0.8385282	Intermediate	57.38817891373802	HG01864	KHV	EAS	male
HG01865	0.6825726799999999	Intermediate	43.25079872204473	HG01865	KHV	EAS	male
HG01866	0.73463942	Intermediate	48.28274760383386	HG01866	KHV	EAS	male
HG01867	0.79501749	Intermediate	53.07507987220448	HG01867	KHV	EAS	male
HG01868	0.93489426	Intermediate	68.96964856230032	HG01868	KHV	EAS	female
HG01869	0.6866182300000001	Intermediate	43.530351437699686	HG01869	KHV	EAS	female
HG01870	1.22346988	High	95.00798722044728	HG01870	KHV	EAS	female
HG01871	1.0479166999999998	High	81.38977635782749	HG01871	KHV	EAS	female
HG01872	1.19483553	High	93.29073482428116	HG01872	KHV	EAS	male
HG01873	0.74420287	Intermediate	49.16134185303515	HG01873	KHV	EAS	male
HG01874	1.22999397	High	95.2476038338658	HG01874	KHV	EAS	female
HG01878	1.07349723	High	83.6661341853035	HG01878	KHV	EAS	female
HG01879	0.7584346399999999	Intermediate	50.11980830670927	HG01879	ACB	AFR	male
HG01880	0.81232524	Intermediate	54.67252396166135	HG01880	ACB	AFR	female
HG01882	0.98020436	Intermediate	74.72044728434504	HG01882	ACB	AFR	male
HG01883	0.46241976	Intermediate	27.47603833865815	HG01883	ACB	AFR	female
HG01885	0.5610638370000001	Intermediate	33.346645367412144	HG01885	ACB	AFR	male
HG01886	0.825958435	Intermediate	56.0702875399361	HG01886	ACB	AFR	female
HG01889	0.921476547	Intermediate	67.4520766773163	HG01889	ACB	AFR	female
HG01890	0.94060754	Intermediate	69.72843450479233	HG01890	ACB	AFR	male
HG01892	0.456349306	Intermediate	27.1964856230032	HG01892	PEL	AMR	male
HG01893	0.7000771800000001	Intermediate	45.087859424920126	HG01893	PEL	AMR	female
HG01894	1.02545671	Intermediate	79.3929712460064	HG01894	ACB	AFR	female
HG01896	1.13999947	High	89.37699680511182	HG01896	ACB	AFR	female
HG01912	0.90270879	Intermediate	65.37539936102237	HG01912	ACB	AFR	male
HG01914	0.8113885680000001	Intermediate	54.63258785942492	HG01914	ACB	AFR	male
HG01915	0.9615084000000002	Intermediate	72.44408945686901	HG01915	ACB	AFR	female
HG01917	0.95890419	Intermediate	72.00479233226838	HG01917	PEL	AMR	male
HG01918	0.70142835	Intermediate	45.28753993610224	HG01918	PEL	AMR	female
HG01920	1.18846322	High	93.0111821086262	HG01920	PEL	AMR	male
HG01921	0.6870744000000001	Intermediate	43.61022364217252	HG01921	PEL	AMR	female
HG01923	1.07621359	High	83.78594249201278	HG01923	PEL	AMR	male
HG01924	0.8751644	Intermediate	61.50159744408946	HG01924	PEL	AMR	female
HG01926	1.5726225620000005	High	99.96006389776358	HG01926	PEL	AMR	male
HG01927	1.155194229	High	90.65495207667732	HG01927	PEL	AMR	female
HG01932	0.8914636799999999	Intermediate	63.65814696485623	HG01932	PEL	AMR	male
HG01933	0.8715299999999999	Intermediate	61.0223642172524	HG01933	PEL	AMR	female
HG01935	0.5808595	Intermediate	35.18370607028754	HG01935	PEL	AMR	male
HG01936	1.2123751799999998	High	94.28913738019168	HG01936	PEL	AMR	female
HG01938	1.258169007	High	95.926517571885	HG01938	PEL	AMR	male
HG01939	1.0065274000000004	Intermediate	77.43610223642172	HG01939	PEL	AMR	female
HG01941	1.0708672128000003	High	83.38658146964856	HG01941	PEL	AMR	male
HG01942	0.6421034559	Intermediate	39.49680511182109	HG01942	PEL	AMR	female
HG01944	0.6197253099999999	Intermediate	38.25878594249201	HG01944	PEL	AMR	male
HG01945	0.8934100480000001	Intermediate	63.81789137380191	HG01945	PEL	AMR	female
HG01947	1.0594561	High	82.30830670926518	HG01947	PEL	AMR	male
HG01948	1.148372992	High	90.01597444089457	HG01948	PEL	AMR	female
HG01950	0.91830194	Intermediate	67.21246006389777	HG01950	PEL	AMR	male
HG01951	1.03649716	High	80.23162939297124	HG01951	PEL	AMR	female
HG01953	0.54715209	Intermediate	32.50798722044728	HG01953	PEL	AMR	male
HG01954	1.0315379880000002	Intermediate	79.83226837060703	HG01954	PEL	AMR	female
HG01956	0.8846518680000001	Intermediate	62.93929712460064	HG01956	ACB	AFR	female
HG01958	0.96531339	Intermediate	72.84345047923323	HG01958	ACB	AFR	female
HG01961	1.1604093800000002	High	91.1741214057508	HG01961	PEL	AMR	male
HG01965	0.56900877	Intermediate	34.025559105431306	HG01965	PEL	AMR	female
HG01967	0.91256269	Intermediate	66.45367412140575	HG01967	PEL	AMR	male
HG01968	1.2857282200000002	High	97.12460063897764	HG01968	PEL	AMR	female
HG01970	0.87741647	Intermediate	61.78115015974441	HG01970	PEL	AMR	male
HG01971	0.68154847	Intermediate	43.09105431309904	HG01971	PEL	AMR	female
HG01973	1.1020423700000002	High	86.34185303514377	HG01973	PEL	AMR	female
HG01974	0.96378723	Intermediate	72.76357827476039	HG01974	PEL	AMR	male
HG01976	0.3850139779999999	Intermediate	22.883386581469647	HG01976	PEL	AMR	female
HG01977	0.73601306	Intermediate	48.44249201277955	HG01977	PEL	AMR	male
HG01979	0.9977882100000002	Intermediate	76.35782747603834	HG01979	PEL	AMR	male
HG01980	0.5862457299999999	Intermediate	35.50319488817891	HG01980	PEL	AMR	female
HG01982	1.08483697	High	84.62460063897763	HG01982	PEL	AMR	male
HG01985	0.8901095020000002	Intermediate	63.418530351437695	HG01985	ACB	AFR	female
HG01986	0.5756256700000001	Intermediate	34.66453674121406	HG01986	ACB	AFR	male
HG01988	0.62611175	Intermediate	38.73801916932907	HG01988	ACB	AFR	male
HG01989	1.0546415	High	81.90894568690096	HG01989	ACB	AFR	female
HG01990	1.17711386	High	92.21246006389777	HG01990	ACB	AFR	male
HG01991	0.87381794	Intermediate	61.34185303514377	HG01991	PEL	AMR	male
HG01992	1.17764377	High	92.2523961661342	HG01992	PEL	AMR	female
HG01997	1.2248567300000002	High	95.08785942492013	HG01997	PEL	AMR	female
HG02002	0.8814811399999999	Intermediate	62.26038338658147	HG02002	PEL	AMR	male
HG02003	1.11585455	High	87.22044728434504	HG02003	PEL	AMR	female
HG02006	0.7337056091	Intermediate	48.1629392971246	HG02006	PEL	AMR	female
HG02008	0.997052175	Intermediate	76.23801916932908	HG02008	PEL	AMR	male
HG02009	0.7646097899999998	Intermediate	50.5591054313099	HG02009	ACB	AFR	male
HG02010	0.796641211	Intermediate	53.314696485623	HG02010	ACB	AFR	female
HG02012	0.8667212849999998	Intermediate	60.50319488817891	HG02012	ACB	AFR	female
HG02013	0.97888979	Intermediate	74.56070287539937	HG02013	ACB	AFR	male
HG02014	0.7894995836	Intermediate	52.595846645367416	HG02014	ACB	AFR	male
HG02016	1.16432006	High	91.5335463258786	HG02016	KHV	EAS	female
HG02017	0.6822008299999999	Intermediate	43.170926517571885	HG02017	KHV	EAS	male
HG02019	0.7467862400000002	Intermediate	49.4408945686901	HG02019	KHV	EAS	female
HG02020	0.705115709	Intermediate	45.72683706070288	HG02020	KHV	EAS	male
HG02023	1.00675671	Intermediate	77.47603833865814	HG02023	KHV	EAS	male
HG02025	0.8759978000000002	Intermediate	61.66134185303515	HG02025	KHV	EAS	female
HG02026	0.99211254	Intermediate	75.59904153354633	HG02026	KHV	EAS	male
HG02028	0.8869756200000001	Intermediate	63.019169329073485	HG02028	KHV	EAS	female
HG02029	0.536605958	Intermediate	31.509584664536742	HG02029	KHV	EAS	male
HG02031	0.8295795810000001	Intermediate	56.46964856230032	HG02031	KHV	EAS	female
HG02032	1.11130732	High	87.02076677316293	HG02032	KHV	EAS	male
HG02035	0.4511993389999998	Intermediate	26.8370607028754	HG02035	KHV	EAS	male
HG02040	0.8963188999999997	Intermediate	64.25718849840256	HG02040	KHV	EAS	male
HG02047	0.91307562	Intermediate	66.49361022364218	HG02047	KHV	EAS	male
HG02048	1.2021182599999998	High	93.80990415335462	HG02048	KHV	EAS	female
HG02049	0.843128752	Intermediate	57.74760383386581	HG02049	KHV	EAS	female
HG02050	1.083183515	High	84.3849840255591	HG02050	KHV	EAS	male
HG02051	0.91183188	Intermediate	66.3338658146965	HG02051	ACB	AFR	male
HG02052	0.94133603	Intermediate	69.96805111821087	HG02052	ACB	AFR	female
HG02053	0.86070992	Intermediate	59.7444089456869	HG02053	ACB	AFR	male
HG02054	1.05482507	High	81.9888178913738	HG02054	ACB	AFR	female
HG02057	0.6287017529999998	Intermediate	38.89776357827476	HG02057	KHV	EAS	female
HG02058	0.92209518	Intermediate	67.53194888178913	HG02058	KHV	EAS	male
HG02060	0.85879437	Intermediate	59.54472843450479	HG02060	KHV	EAS	female
HG02061	0.917053951	Intermediate	67.05271565495208	HG02061	KHV	EAS	male
HG02064	0.6738875199999999	Intermediate	42.412140575079874	HG02064	KHV	EAS	male
HG02067	0.95000436	Intermediate	70.84664536741214	HG02067	KHV	EAS	male
HG02069	0.62488784	Intermediate	38.61821086261981	HG02069	KHV	EAS	female
HG02070	1.12306719	High	88.0591054313099	HG02070	KHV	EAS	male
HG02072	0.59619602	Intermediate	36.34185303514377	HG02072	KHV	EAS	female
HG02073	0.7965571109999999	Intermediate	53.27476038338658	HG02073	KHV	EAS	male
HG02075	1.0233129200000002	Intermediate	79.2332268370607	HG02075	KHV	EAS	female
HG02076	0.3553606899999999	Intermediate	21.40575079872205	HG02076	KHV	EAS	male
HG02078	0.7390993600000001	Intermediate	48.7220447284345	HG02078	KHV	EAS	female
HG02079	0.4843612600000002	Intermediate	28.27476038338658	HG02079	KHV	EAS	male
HG02081	0.49516519	Intermediate	28.753993610223645	HG02081	KHV	EAS	female
HG02082	0.61710779	Intermediate	38.019169329073485	HG02082	KHV	EAS	male
HG02084	0.8428283200000001	Intermediate	57.66773162939297	HG02084	KHV	EAS	female
HG02085	0.7093317	Intermediate	46.28594249201278	HG02085	KHV	EAS	male
HG02086	0.59047243	Intermediate	35.902555910543136	HG02086	KHV	EAS	female
HG02087	0.696356548	Intermediate	44.52875399361022	HG02087	KHV	EAS	female
HG02088	0.8981140599999999	Intermediate	64.5367412140575	HG02088	KHV	EAS	male
HG02089	0.984899426	Intermediate	75.0	HG02089	PEL	AMR	female
HG02090	0.6695050699999999	Intermediate	42.0926517571885	HG02090	PEL	AMR	male
HG02095	1.0464256499999998	High	81.26996805111821	HG02095	ACB	AFR	female
HG02102	1.0314433559999998	Intermediate	79.75239616613419	HG02102	PEL	AMR	female
HG02104	1.1808724399999997	High	92.57188498402556	HG02104	PEL	AMR	male
HG02105	0.7862572500000001	Intermediate	52.39616613418531	HG02105	PEL	AMR	female
HG02107	1.0988916899999996	High	86.14217252396166	HG02107	ACB	AFR	male
HG02108	0.6623838799999998	Intermediate	41.61341853035144	HG02108	ACB	AFR	female
HG02111	1.26226874	High	96.08626198083068	HG02111	ACB	AFR	female
HG02113	0.7309111	Intermediate	47.88338658146965	HG02113	KHV	EAS	female
HG02116	1.1619138299999998	High	91.3338658146965	HG02116	KHV	EAS	male
HG02121	1.2327281699999997	High	95.28753993610223	HG02121	KHV	EAS	female
HG02122	0.5121309500000002	Intermediate	29.83226837060703	HG02122	KHV	EAS	male
HG02127	0.64573775	Intermediate	39.77635782747604	HG02127	KHV	EAS	female
HG02128	0.7421518899999999	Intermediate	49.04153354632588	HG02128	KHV	EAS	male
HG02130	0.6427622299999998	Intermediate	39.57667731629393	HG02130	KHV	EAS	female
HG02131	1.1251181	High	88.33865814696486	HG02131	KHV	EAS	male
HG02133	0.6981798200000001	Intermediate	44.88817891373802	HG02133	KHV	EAS	female
HG02134	0.5129476100000001	Intermediate	29.95207667731629	HG02134	KHV	EAS	male
HG02136	0.8249330500000001	Intermediate	55.91054313099042	HG02136	KHV	EAS	female
HG02137	1.1534466092000002	High	90.57507987220448	HG02137	KHV	EAS	male
HG02138	0.5780481000000001	Intermediate	34.90415335463259	HG02138	KHV	EAS	male
HG02139	0.855866918	Intermediate	59.10543130990416	HG02139	KHV	EAS	female
HG02140	0.8957373799999998	Intermediate	64.1373801916933	HG02140	KHV	EAS	female
HG02141	1.09375865	High	85.4632587859425	HG02141	KHV	EAS	male
HG02142	0.5868819499999999	Intermediate	35.58306709265175	HG02142	KHV	EAS	female
HG02143	0.6764462399999998	Intermediate	42.73162939297125	HG02143	ACB	AFR	male
HG02144	1.10943837	High	86.82108626198082	HG02144	ACB	AFR	female
HG02146	1.0414936499999996	High	80.63099041533548	HG02146	PEL	AMR	male
HG02147	0.91646629	Intermediate	66.85303514376997	HG02147	PEL	AMR	female
HG02150	0.8274369200000001	Intermediate	56.23003194888179	HG02150	PEL	AMR	male
HG02151	1.083191248	High	84.42492012779552	HG02151	CDX	EAS	female
HG02152	0.5628266179999999	Intermediate	33.426517571884986	HG02152	CDX	EAS	female
HG02153	0.6498387100000002	Intermediate	40.21565495207668	HG02153	CDX	EAS	female
HG02154	0.7767962500000001	Intermediate	51.39776357827476	HG02154	CDX	EAS	female
HG02155	0.5459021099999999	Intermediate	32.46805111821086	HG02155	CDX	EAS	female
HG02156	0.59873451	Intermediate	36.54153354632588	HG02156	CDX	EAS	female
HG02164	0.6859399900000002	Intermediate	43.45047923322684	HG02164	CDX	EAS	female
HG02165	1.1384732	High	89.25718849840256	HG02165	CDX	EAS	female
HG02166	0.9213363799999998	Intermediate	67.41214057507987	HG02166	CDX	EAS	female
HG02178	0.8677774	Intermediate	60.62300319488818	HG02178	CDX	EAS	female
HG02179	1.0293802499999998	Intermediate	79.67252396166134	HG02179	CDX	EAS	female
HG02180	0.75008158	Intermediate	49.56070287539936	HG02180	CDX	EAS	female
HG02181	1.0877024990000002	High	84.90415335463258	HG02181	CDX	EAS	female
HG02182	1.07748806	High	83.94568690095848	HG02182	CDX	EAS	female
HG02184	0.18700207	Low	14.057507987220449	HG02184	CDX	EAS	female
HG02185	0.60749175	Intermediate	37.260383386581466	HG02185	CDX	EAS	female
HG02186	0.71271469	Intermediate	46.525559105431306	HG02186	CDX	EAS	female
HG02187	0.8127628	Intermediate	54.7923322683706	HG02187	CDX	EAS	female
HG02188	1.1259446	High	88.4185303514377	HG02188	CDX	EAS	female
HG02190	0.97466906	Intermediate	74.16134185303514	HG02190	CDX	EAS	female
HG02215	0.3443270499999999	Intermediate	21.04632587859425	HG02215	GBR	EUR	female
HG02219	0.105759772	Low	10.982428115015974	HG02219	IBS	EUR	male
HG02220	0.16391229	Low	13.019169329073485	HG02220	IBS	EUR	female
HG02221	0.31241575	Low	19.169329073482427	HG02221	IBS	EUR	male
HG02223	0.4889235860000001	Intermediate	28.47444089456869	HG02223	IBS	EUR	female
HG02224	-0.0086449099999999	Low	7.308306709265176	HG02224	IBS	EUR	male
HG02230	0.6194866700000001	Intermediate	38.17891373801917	HG02230	IBS	EUR	female
HG02231	-0.546249234	Low	0.1198083067092651	HG02231	IBS	EUR	male
HG02232	0.1609617799999999	Low	12.899361022364216	HG02232	IBS	EUR	female
HG02233	0.0951657	Low	10.702875399361025	HG02233	IBS	EUR	male
HG02235	-0.2521608999999999	Low	2.515974440894569	HG02235	IBS	EUR	female
HG02236	-0.167423143	Low	3.594249201277956	HG02236	IBS	EUR	male
HG02238	0.3022797499999999	Low	18.69009584664537	HG02238	IBS	EUR	male
HG02239	-0.10489114	Low	4.792332268370607	HG02239	IBS	EUR	female
HG02250	0.7188101600000001	Intermediate	46.92492012779553	HG02250	CDX	EAS	male
HG02252	0.6600967366999998	Intermediate	41.253993610223645	HG02252	PEL	AMR	female
HG02253	0.5554665699999999	Intermediate	33.02715654952076	HG02253	PEL	AMR	male
HG02255	0.90293527	Intermediate	65.45527156549521	HG02255	ACB	AFR	male
HG02256	0.5698676299999998	Intermediate	34.14536741214057	HG02256	ACB	AFR	female
HG02259	0.97645826	Intermediate	74.36102236421725	HG02259	PEL	AMR	male
HG02260	1.04145411	High	80.59105431309904	HG02260	PEL	AMR	female
HG02262	1.4066034	High	99.12140575079871	HG02262	PEL	AMR	male
HG02265	1.022300306	Intermediate	79.15335463258786	HG02265	PEL	AMR	male
HG02266	1.31421986	High	97.92332268370608	HG02266	PEL	AMR	female
HG02271	0.90042783	Intermediate	64.93610223642172	HG02271	PEL	AMR	male
HG02272	0.91966734	Intermediate	67.2923322683706	HG02272	PEL	AMR	female
HG02274	1.2191582099999998	High	94.6485623003195	HG02274	PEL	AMR	male
HG02275	1.21062353	High	94.04952076677316	HG02275	PEL	AMR	female
HG02277	0.74040044	Intermediate	48.80191693290735	HG02277	PEL	AMR	male
HG02278	0.671659213	Intermediate	42.25239616613419	HG02278	PEL	AMR	female
HG02281	1.1628513399999996	High	91.45367412140575	HG02281	ACB	AFR	male
HG02282	0.781425596	Intermediate	51.876996805111816	HG02282	ACB	AFR	female
HG02283	0.8241997500000001	Intermediate	55.75079872204473	HG02283	ACB	AFR	male
HG02284	0.44099445	Intermediate	26.158146964856236	HG02284	ACB	AFR	male
HG02285	0.7540320399999999	Intermediate	49.760383386581466	HG02285	PEL	AMR	male
HG02286	1.1504432019999995	High	90.29552715654953	HG02286	PEL	AMR	female
HG02291	0.98482542	Intermediate	74.96006389776358	HG02291	PEL	AMR	male
HG02292	0.89458577	Intermediate	64.01757188498402	HG02292	PEL	AMR	female
HG02298	0.8415140200000002	Intermediate	57.62779552715654	HG02298	PEL	AMR	female
HG02299	0.6268409540000001	Intermediate	38.777955271565496	HG02299	PEL	AMR	male
HG02301	0.41855545	Intermediate	25.03993610223642	HG02301	PEL	AMR	female
HG02304	1.0052332	Intermediate	77.23642172523961	HG02304	PEL	AMR	male
HG02307	1.1603167	High	91.1341853035144	HG02307	ACB	AFR	male
HG02308	0.8635638600000003	Intermediate	60.02396166134185	HG02308	ACB	AFR	female
HG02309	0.8951411899999999	Intermediate	64.05750798722045	HG02309	ACB	AFR	female
HG02312	0.7168973200000001	Intermediate	46.80511182108626	HG02312	PEL	AMR	female
HG02314	0.94897262	Intermediate	70.72683706070288	HG02314	ACB	AFR	male
HG02315	0.95488867	Intermediate	71.28594249201278	HG02315	ACB	AFR	female
HG02317	0.92780073	Intermediate	68.17092651757189	HG02317	ACB	AFR	male
HG02318	1.134041489999999	High	89.1773162939297	HG02318	ACB	AFR	female
HG02322	0.85870133	Intermediate	59.50479233226837	HG02322	ACB	AFR	female
HG02323	1.006383171	Intermediate	77.39616613418531	HG02323	ACB	AFR	male
HG02325	1.219824883	High	94.72843450479232	HG02325	ACB	AFR	female
HG02330	1.4147323299999996	High	99.241214057508	HG02330	ACB	AFR	male
HG02332	0.892399947	Intermediate	63.69808306709265	HG02332	ACB	AFR	male
HG02334	0.6502159160000002	Intermediate	40.2555910543131	HG02334	ACB	AFR	male
HG02337	0.91396475	Intermediate	66.57348242811501	HG02337	ACB	AFR	female
HG02339	0.98982046	Intermediate	75.39936102236422	HG02339	ACB	AFR	female
HG02343	0.7398255573799998	Intermediate	48.76198083067093	HG02343	ACB	AFR	male
HG02345	0.363991925	Intermediate	21.685303514377	HG02345	PEL	AMR	female
HG02348	0.8803054200000002	Intermediate	62.02076677316294	HG02348	PEL	AMR	female
HG02351	0.78984809	Intermediate	52.67571884984026	HG02351	CDX	EAS	male
HG02353	0.9598568700000002	Intermediate	72.08466453674122	HG02353	CDX	EAS	male
HG02355	0.90957833	Intermediate	66.13418530351439	HG02355	CDX	EAS	male
HG02356	0.7570457700000001	Intermediate	50.039936102236425	HG02356	CDX	EAS	male
HG02360	1.1082962	High	86.74121405750799	HG02360	CDX	EAS	male
HG02364	0.8434883100000001	Intermediate	57.78753993610224	HG02364	CDX	EAS	male
HG02367	0.58361207	Intermediate	35.42332268370607	HG02367	CDX	EAS	male
HG02371	0.99525989	Intermediate	76.03833865814697	HG02371	CDX	EAS	male
HG02373	0.7551935999999999	Intermediate	49.80031948881789	HG02373	CDX	EAS	male
HG02374	0.69696042	Intermediate	44.72843450479233	HG02374	CDX	EAS	male
HG02375	0.35469574	Intermediate	21.365814696485625	HG02375	CDX	EAS	male
HG02379	0.6756400100000001	Intermediate	42.61182108626198	HG02379	CDX	EAS	male
HG02380	0.7269180700000001	Intermediate	47.56389776357828	HG02380	CDX	EAS	male
HG02382	1.121936044	High	87.89936102236422	HG02382	CDX	EAS	male
HG02383	1.145503547	High	89.77635782747603	HG02383	CDX	EAS	male
HG02384	0.92820642	Intermediate	68.21086261980831	HG02384	CDX	EAS	male
HG02385	1.0955106800000003	High	85.8226837060703	HG02385	CDX	EAS	male
HG02386	1.0016755000000002	Intermediate	76.75718849840256	HG02386	CDX	EAS	male
HG02389	0.8577185200000003	Intermediate	59.38498402555911	HG02389	CDX	EAS	male
HG02390	0.8229342900000001	Intermediate	55.59105431309904	HG02390	CDX	EAS	male
HG02391	0.3818829699999999	Intermediate	22.803514376996805	HG02391	CDX	EAS	male
HG02392	0.6304107999999999	Intermediate	39.05750798722045	HG02392	CDX	EAS	male
HG02394	0.6813693299999999	Intermediate	43.05111821086262	HG02394	CDX	EAS	male
HG02395	0.523798147	Intermediate	30.551118210862622	HG02395	CDX	EAS	male
HG02396	1.2102839600000002	High	94.00958466453672	HG02396	CDX	EAS	male
HG02397	1.003400053	Intermediate	77.0367412140575	HG02397	CDX	EAS	male
HG02398	1.00291068	Intermediate	76.95686900958466	HG02398	CDX	EAS	male
HG02399	0.679888104	Intermediate	42.89137380191693	HG02399	CDX	EAS	male
HG02401	0.85828956	Intermediate	59.46485623003195	HG02401	CDX	EAS	male
HG02402	0.8162152000000001	Intermediate	55.03194888178914	HG02402	CDX	EAS	male
HG02406	1.1031938799999998	High	86.50159744408946	HG02406	CDX	EAS	male
HG02407	0.6993732	Intermediate	44.96805111821086	HG02407	CDX	EAS	male
HG02408	1.2689910400000002	High	96.3258785942492	HG02408	CDX	EAS	male
HG02409	0.6487416599999998	Intermediate	40.09584664536741	HG02409	CDX	EAS	male
HG02410	0.93403441	Intermediate	68.88977635782749	HG02410	CDX	EAS	male
HG02419	0.8993988400000003	Intermediate	64.81629392971246	HG02419	ACB	AFR	female
HG02420	0.472472683	Intermediate	27.71565495207668	HG02420	ACB	AFR	male
HG02425	0.8074448500000001	Intermediate	54.113418530351446	HG02425	PEL	AMR	female
HG02427	1.3242039999999995	High	98.24281150159744	HG02427	ACB	AFR	female
HG02429	1.2618609400000005	High	96.00638977635782	HG02429	ACB	AFR	male
HG02433	1.44275234	High	99.48083067092652	HG02433	ACB	AFR	male
HG02439	0.77238214	Intermediate	51.19808306709265	HG02439	ACB	AFR	male
HG02442	0.89056977	Intermediate	63.49840255591054	HG02442	ACB	AFR	male
HG02445	0.93211859	Intermediate	68.53035143769968	HG02445	ACB	AFR	male
HG02449	0.9117879	Intermediate	66.29392971246007	HG02449	ACB	AFR	male
HG02450	0.89095497	Intermediate	63.61821086261981	HG02450	ACB	AFR	female
HG02455	0.7211486	Intermediate	47.04472843450479	HG02455	ACB	AFR	male
HG02461	0.9560114079999998	Intermediate	71.44568690095848	HG02461	GWD	AFR	male
HG02462	1.02317954	Intermediate	79.19329073482429	HG02462	GWD	AFR	female
HG02464	1.2629407899999998	High	96.1261980830671	HG02464	GWD	AFR	male
HG02465	1.0694818899999998	High	83.18690095846645	HG02465	GWD	AFR	female
HG02470	0.9623676499999998	Intermediate	72.60383386581469	HG02470	ACB	AFR	male
HG02471	0.957202467	Intermediate	71.64536741214057	HG02471	ACB	AFR	female
HG02476	1.12217686	High	87.93929712460063	HG02476	ACB	AFR	female
HG02477	0.904178409	Intermediate	65.57507987220448	HG02477	ACB	AFR	female
HG02479	0.91706424	Intermediate	67.0926517571885	HG02479	ACB	AFR	female
HG02481	1.2929798	High	97.36421725239616	HG02481	ACB	AFR	male
HG02484	1.01211036	Intermediate	78.1150159744409	HG02484	ACB	AFR	male
HG02485	0.8621823000000002	Intermediate	59.90415335463258	HG02485	ACB	AFR	female
HG02489	0.9169168460000002	Intermediate	67.01277955271566	HG02489	ACB	AFR	male
HG02490	0.6131625	Intermediate	37.819488817891376	HG02490	PJL	SAS	male
HG02491	0.8376580460000002	Intermediate	57.22843450479233	HG02491	PJL	SAS	female
HG02493	0.45743284	Intermediate	27.23642172523962	HG02493	PJL	SAS	male
HG02494	1.00474728	Intermediate	77.1964856230032	HG02494	PJL	SAS	female
HG02496	0.72819857	Intermediate	47.68370607028754	HG02496	ACB	AFR	male
HG02497	0.91520028	Intermediate	66.69329073482429	HG02497	ACB	AFR	female
HG02501	0.79421343	Intermediate	53.03514376996805	HG02501	ACB	AFR	male
HG02502	0.93047309	Intermediate	68.45047923322683	HG02502	ACB	AFR	female
HG02505	1.02011145	Intermediate	78.79392971246007	HG02505	ACB	AFR	female
HG02508	1.0814796399999995	High	84.185303514377	HG02508	ACB	AFR	female
HG02511	0.9704570600000002	Intermediate	73.48242811501598	HG02511	ACB	AFR	female
HG02512	0.8541790000000001	Intermediate	58.70607028753994	HG02512	KHV	EAS	male
HG02513	1.1831897	High	92.69169329073482	HG02513	KHV	EAS	female
HG02521	1.1326908499999997	High	88.93769968051119	HG02521	KHV	EAS	male
HG02522	0.89993493	Intermediate	64.89616613418531	HG02522	KHV	EAS	female
HG02536	0.5951233300000001	Intermediate	36.18210862619809	HG02536	ACB	AFR	male
HG02537	1.1319945900000004	High	88.85782747603834	HG02537	ACB	AFR	female
HG02541	0.6840352199999999	Intermediate	43.33067092651757	HG02541	ACB	AFR	male
HG02545	0.6968247099999999	Intermediate	44.608626198083066	HG02545	ACB	AFR	male
HG02546	0.905751705	Intermediate	65.69488817891373	HG02546	ACB	AFR	female
HG02549	1.085201086	High	84.66453674121406	HG02549	ACB	AFR	female
HG02554	0.6819510999999999	Intermediate	43.13099041533546	HG02554	ACB	AFR	male
HG02555	1.02737557555	Intermediate	79.55271565495208	HG02555	ACB	AFR	female
HG02557	0.8038894499999999	Intermediate	53.6741214057508	HG02557	ACB	AFR	male
HG02558	0.93748332	Intermediate	69.36900958466452	HG02558	ACB	AFR	female
HG02561	1.3294982	High	98.44249201277955	HG02561	GWD	AFR	male
HG02562	1.127759739	High	88.53833865814697	HG02562	GWD	AFR	female
HG02568	0.98491035	Intermediate	75.03993610223642	HG02568	GWD	AFR	female
HG02570	0.8959268100000001	Intermediate	64.21725239616613	HG02570	GWD	AFR	male
HG02571	0.8815440809999999	Intermediate	62.30031948881789	HG02571	GWD	AFR	female
HG02573	0.9532433	Intermediate	71.1661341853035	HG02573	GWD	AFR	male
HG02574	1.2999979000000002	High	97.52396166134186	HG02574	GWD	AFR	female
HG02577	0.5663409199999999	Intermediate	33.825878594249204	HG02577	ACB	AFR	female
HG02580	0.8164553070000001	Intermediate	55.07188498402555	HG02580	ACB	AFR	female
HG02582	0.86343571	Intermediate	59.98402555910543	HG02582	GWD	AFR	male
HG02583	1.3146653999999995	High	97.9632587859425	HG02583	GWD	AFR	female
HG02585	0.9092545840000004	Intermediate	66.05431309904152	HG02585	GWD	AFR	male
HG02586	0.8530624800000002	Intermediate	58.58626198083067	HG02586	GWD	AFR	female
HG02588	0.8690847699999998	Intermediate	60.74281150159745	HG02588	GWD	AFR	male
HG02589	0.9982566007	Intermediate	76.4776357827476	HG02589	GWD	AFR	female
HG02594	0.84291567	Intermediate	57.7076677316294	HG02594	GWD	AFR	male
HG02595	1.1808603599999998	High	92.53194888178912	HG02595	GWD	AFR	female
HG02597	0.3772506919999999	Intermediate	22.44408945686901	HG02597	PJL	SAS	male
HG02600	0.65497121	Intermediate	40.73482428115016	HG02600	PJL	SAS	male
HG02601	0.78767932	Intermediate	52.47603833865815	HG02601	PJL	SAS	female
HG02603	0.5959601399999999	Intermediate	36.2220447284345	HG02603	PJL	SAS	male
HG02604	0.85894599	Intermediate	59.62460063897763	HG02604	PJL	SAS	female
HG02610	1.3660364100000004	High	98.80191693290736	HG02610	GWD	AFR	male
HG02611	1.0924863400000002	High	85.34345047923323	HG02611	GWD	AFR	female
HG02613	0.56554913	Intermediate	33.66613418530351	HG02613	GWD	AFR	male
HG02614	1.3204037700000002	High	98.1629392971246	HG02614	GWD	AFR	female
HG02620	0.94495454	Intermediate	70.32747603833866	HG02620	GWD	AFR	male
HG02621	1.07935293	High	84.06549520766772	HG02621	GWD	AFR	female
HG02623	0.84736857	Intermediate	57.98722044728435	HG02623	GWD	AFR	male
HG02624	1.1324976800000002	High	88.89776357827476	HG02624	GWD	AFR	female
HG02628	0.82863716	Intermediate	56.30990415335463	HG02628	GWD	AFR	male
HG02629	0.96045394	Intermediate	72.16453674121406	HG02629	GWD	AFR	female
HG02634	0.94103638	Intermediate	69.84824281150159	HG02634	GWD	AFR	male
HG02635	0.50099644	Intermediate	29.153354632587856	HG02635	GWD	AFR	female
HG02642	1.0321379859999995	Intermediate	79.87220447284345	HG02642	GWD	AFR	male
HG02643	1.037490197	High	80.31150159744409	HG02643	GWD	AFR	female
HG02645	0.7408311900000001	Intermediate	48.96166134185304	HG02645	GWD	AFR	male
HG02646	0.7041674499999998	Intermediate	45.56709265175719	HG02646	GWD	AFR	female
HG02648	0.92023023	Intermediate	67.33226837060703	HG02648	PJL	SAS	male
HG02649	0.40736672	Intermediate	24.440894568690094	HG02649	PJL	SAS	female
HG02651	0.85549126	Intermediate	58.98562300319489	HG02651	PJL	SAS	male
HG02652	0.52514734	Intermediate	30.670926517571885	HG02652	PJL	SAS	female
HG02654	0.8833412479999999	Intermediate	62.61980830670927	HG02654	PJL	SAS	male
HG02655	0.398806904	Intermediate	23.881789137380192	HG02655	PJL	SAS	female
HG02657	0.51192338	Intermediate	29.792332268370608	HG02657	PJL	SAS	male
HG02658	0.56677808	Intermediate	33.86581469648562	HG02658	PJL	SAS	female
HG02660	0.8986190999999999	Intermediate	64.65654952076677	HG02660	PJL	SAS	male
HG02661	0.8570646000000003	Intermediate	59.26517571884984	HG02661	PJL	SAS	female
HG02666	1.0685137099999995	High	83.1070287539936	HG02666	GWD	AFR	male
HG02667	1.070254318	High	83.2667731629393	HG02667	GWD	AFR	female
HG02675	1.0895593800000003	High	85.18370607028754	HG02675	GWD	AFR	male
HG02676	1.00933587	Intermediate	77.7555910543131	HG02676	GWD	AFR	female
HG02678	0.6497728039999999	Intermediate	40.17571884984025	HG02678	GWD	AFR	male
HG02679	0.8669534999999999	Intermediate	60.54313099041534	HG02679	GWD	AFR	female
HG02681	0.4125405499999999	Intermediate	24.76038338658147	HG02681	PJL	SAS	male
HG02682	0.6296845199999999	Intermediate	38.977635782747605	HG02682	PJL	SAS	female
HG02684	0.2121125499999999	Low	14.85623003194888	HG02684	PJL	SAS	male
HG02685	0.6183880999999999	Intermediate	38.13897763578275	HG02685	PJL	SAS	female
HG02687	0.83119422	Intermediate	56.629392971246006	HG02687	PJL	SAS	male
HG02688	0.4418399600000001	Intermediate	26.277955271565496	HG02688	PJL	SAS	female
HG02690	0.5984432980000001	Intermediate	36.501597444089455	HG02690	PJL	SAS	male
HG02691	0.4824208600000001	Intermediate	28.154952076677315	HG02691	PJL	SAS	female
HG02694	0.494035243	Intermediate	28.6741214057508	HG02694	PJL	SAS	female
HG02696	0.501787038	Intermediate	29.233226837060705	HG02696	PJL	SAS	male
HG02697	0.89383184	Intermediate	63.93769968051119	HG02697	PJL	SAS	female
HG02699	0.33950583	Intermediate	20.726837060702877	HG02699	PJL	SAS	male
HG02700	0.60967671	Intermediate	37.53993610223642	HG02700	PJL	SAS	female
HG02702	1.0667484	High	82.86741214057508	HG02702	GWD	AFR	male
HG02703	1.0706021659999998	High	83.34664536741214	HG02703	GWD	AFR	female
HG02715	1.216325	High	94.4488817891374	HG02715	GWD	AFR	male
HG02716	1.0115184700000002	Intermediate	77.99520766773162	HG02716	GWD	AFR	female
HG02721	1.26622462	High	96.28594249201278	HG02721	GWD	AFR	male
HG02722	1.1777628999999998	High	92.2923322683706	HG02722	GWD	AFR	female
HG02724	0.5773008	Intermediate	34.864217252396166	HG02724	PJL	SAS	male
HG02725	0.5763348000000001	Intermediate	34.7444089456869	HG02725	PJL	SAS	female
HG02727	0.36782359	Intermediate	21.924920127795527	HG02727	PJL	SAS	male
HG02728	0.4599508499999999	Intermediate	27.35623003194888	HG02728	PJL	SAS	female
HG02731	0.8804670520000002	Intermediate	62.060702875399365	HG02731	PJL	SAS	female
HG02733	0.51326247	Intermediate	30.031948881789138	HG02733	PJL	SAS	male
HG02734	0.229658748	Low	15.575079872204473	HG02734	PJL	SAS	female
HG02736	0.85698349	Intermediate	59.185303514377	HG02736	PJL	SAS	male
HG02737	0.4386703719999999	Intermediate	25.958466453674124	HG02737	PJL	SAS	female
HG02756	0.9823665	Intermediate	74.76038338658148	HG02756	GWD	AFR	male
HG02757	1.1227388399999998	High	88.01916932907349	HG02757	GWD	AFR	female
HG02759	0.92756463	Intermediate	68.13099041533548	HG02759	GWD	AFR	male
HG02760	0.732325948	Intermediate	48.00319488817891	HG02760	GWD	AFR	female
HG02763	1.1237003799999998	High	88.21884984025559	HG02763	GWD	AFR	female
HG02768	1.1782092399999995	High	92.37220447284344	HG02768	GWD	AFR	male
HG02769	1.3786439219999995	High	98.9217252396166	HG02769	GWD	AFR	female
HG02771	1.0944288999999998	High	85.62300319488818	HG02771	GWD	AFR	male
HG02772	1.055518944	High	82.06869009584665	HG02772	GWD	AFR	female
HG02774	0.3788957300000001	Intermediate	22.52396166134185	HG02774	PJL	SAS	male
HG02775	0.9270006	Intermediate	68.0111821086262	HG02775	PJL	SAS	female
HG02778	0.63987122	Intermediate	39.41693290734825	HG02778	PJL	SAS	female
HG02780	0.30701743	Low	18.929712460063897	HG02780	PJL	SAS	male
HG02783	0.65390256	Intermediate	40.53514376996805	HG02783	PJL	SAS	male
HG02784	0.2414679199999999	Low	16.1741214057508	HG02784	PJL	SAS	female
HG02786	0.74062053	Intermediate	48.84185303514377	HG02786	PJL	SAS	male
HG02787	0.90081616	Intermediate	65.05591054313099	HG02787	PJL	SAS	female
HG02789	0.9552437	Intermediate	71.36581469648561	HG02789	PJL	SAS	male
HG02790	0.2197712899999999	Low	15.05591054313099	HG02790	PJL	SAS	female
HG02792	1.0543591599999995	High	81.86900958466452	HG02792	PJL	SAS	male
HG02793	0.763564317	Intermediate	50.47923322683706	HG02793	PJL	SAS	female
HG02798	1.1404164399999996	High	89.45686900958466	HG02798	GWD	AFR	male
HG02799	1.194246006	High	93.21086261980832	HG02799	GWD	AFR	female
HG02804	1.0072784	Intermediate	77.55591054313099	HG02804	GWD	AFR	male
HG02805	1.0456872	High	81.15015974440894	HG02805	GWD	AFR	female
HG02807	0.8671485140000001	Intermediate	60.58306709265175	HG02807	GWD	AFR	male
HG02808	0.720222104	Intermediate	46.96485623003195	HG02808	GWD	AFR	female
HG02810	0.7565264900000002	Intermediate	50.0	HG02810	GWD	AFR	male
HG02811	0.84410507	Intermediate	57.82747603833865	HG02811	GWD	AFR	female
HG02813	0.9150151000000002	Intermediate	66.65335463258786	HG02813	GWD	AFR	male
HG02814	1.1510114599999994	High	90.37539936102236	HG02814	GWD	AFR	female
HG02816	1.196648799	High	93.41054313099042	HG02816	GWD	AFR	male
HG02817	1.2213619200000003	High	94.80830670926518	HG02817	GWD	AFR	female
HG02819	1.0485292999999998	High	81.46964856230032	HG02819	GWD	AFR	male
HG02820	1.2205893	High	94.76837060702876	HG02820	GWD	AFR	female
HG02836	1.13405031	High	89.21725239616613	HG02836	GWD	AFR	male
HG02837	1.0574698331	High	82.1485623003195	HG02837	GWD	AFR	female
HG02839	1.4403699899999998	High	99.40095846645367	HG02839	GWD	AFR	male
HG02840	1.01466307	Intermediate	78.314696485623	HG02840	GWD	AFR	female
HG02851	0.9465399300000004	Intermediate	70.56709265175719	HG02851	GWD	AFR	male
HG02852	1.0762747299999995	High	83.8258785942492	HG02852	GWD	AFR	female
HG02854	1.0834215100000002	High	84.50479233226838	HG02854	GWD	AFR	male
HG02855	1.3116078499999997	High	97.7635782747604	HG02855	GWD	AFR	female
HG02860	0.84852415	Intermediate	58.1070287539936	HG02860	GWD	AFR	male
HG02861	0.70447507	Intermediate	45.60702875399361	HG02861	GWD	AFR	female
HG02870	1.15737747	High	90.85463258785944	HG02870	GWD	AFR	female
HG02878	1.0703710053999995	High	83.30670926517571	HG02878	GWD	AFR	male
HG02879	0.94832595	Intermediate	70.64696485623003	HG02879	GWD	AFR	female
HG02881	1.01417178	Intermediate	78.27476038338658	HG02881	GWD	AFR	male
HG02882	1.1805383599999997	High	92.4520766773163	HG02882	GWD	AFR	female
HG02884	1.1588436999999998	High	91.01437699680513	HG02884	GWD	AFR	male
HG02885	1.12048443	High	87.69968051118211	HG02885	GWD	AFR	female
HG02887	0.9674480799999998	Intermediate	73.20287539936102	HG02887	GWD	AFR	male
HG02888	1.01567952	Intermediate	78.43450479233228	HG02888	GWD	AFR	female
HG02890	0.6763831799999999	Intermediate	42.691693290734825	HG02890	GWD	AFR	male
HG02891	1.20585571	High	93.9297124600639	HG02891	GWD	AFR	female
HG02895	0.9644405	Intermediate	72.8035143769968	HG02895	GWD	AFR	male
HG02896	0.96271739	Intermediate	72.68370607028754	HG02896	GWD	AFR	female
HG02922	1.10757163	High	86.70127795527156	HG02922	ESN	AFR	female
HG02923	0.97167387	Intermediate	73.7220447284345	HG02923	ESN	AFR	male
HG02938	1.3288489199999998	High	98.40255591054311	HG02938	ESN	AFR	male
HG02941	0.986426288	Intermediate	75.19968051118211	HG02941	ESN	AFR	male
HG02943	1.5669371900000004	High	99.92012779552716	HG02943	ESN	AFR	female
HG02944	1.28896565	High	97.2444089456869	HG02944	ESN	AFR	male
HG02946	1.1401653299999996	High	89.41693290734824	HG02946	ESN	AFR	female
HG02947	1.10905574	High	86.78115015974441	HG02947	ESN	AFR	male
HG02952	1.27068019	High	96.3658146964856	HG02952	ESN	AFR	female
HG02953	1.13372721	High	89.09744408945687	HG02953	ESN	AFR	male
HG02968	1.32181607	High	98.20287539936102	HG02968	ESN	AFR	male
HG02970	1.08842127	High	84.94408945686901	HG02970	ESN	AFR	female
HG02971	0.9065812800000002	Intermediate	65.814696485623	HG02971	ESN	AFR	male
HG02973	0.8967308670999998	Intermediate	64.29712460063898	HG02973	ESN	AFR	male
HG02974	1.0752353600000002	High	83.74600638977637	HG02974	ESN	AFR	female
HG02976	0.95794357	Intermediate	71.84504792332268	HG02976	ESN	AFR	female
HG02977	0.89899262	Intermediate	64.6964856230032	HG02977	ESN	AFR	male
HG02979	1.1851987199999998	High	92.89137380191691	HG02979	ESN	AFR	female
HG02981	0.84693343	Intermediate	57.94728434504792	HG02981	ESN	AFR	male
HG02982	0.82778964	Intermediate	56.26996805111821	HG02982	GWD	AFR	male
HG02983	1.118557878	High	87.53993610223642	HG02983	GWD	AFR	female
HG03006	0.56588159	Intermediate	33.746006389776355	HG03006	BEB	SAS	male
HG03007	0.50857676	Intermediate	29.55271565495208	HG03007	BEB	SAS	female
HG03009	0.8743930299999999	Intermediate	61.421725239616606	HG03009	BEB	SAS	male
HG03012	0.99329921	Intermediate	75.79872204472844	HG03012	BEB	SAS	male
HG03015	0.16592123	Low	13.178913738019167	HG03015	PJL	SAS	male
HG03016	0.7074986199999999	Intermediate	46.04632587859425	HG03016	PJL	SAS	female
HG03018	0.36824054	Intermediate	21.96485623003195	HG03018	PJL	SAS	male
HG03019	1.0060767100000003	Intermediate	77.35623003194888	HG03019	PJL	SAS	female
HG03021	0.7961488840000002	Intermediate	53.194888178913736	HG03021	PJL	SAS	male
HG03022	0.8640410940000002	Intermediate	60.14376996805112	HG03022	PJL	SAS	female
HG03024	0.8813762159999999	Intermediate	62.22044728434505	HG03024	GWD	AFR	male
HG03025	0.9928342200000002	Intermediate	75.71884984025559	HG03025	GWD	AFR	female
HG03027	1.1490652	High	90.13578274760384	HG03027	GWD	AFR	male
HG03028	1.2804064	High	96.8849840255591	HG03028	GWD	AFR	female
HG03039	1.3936359499999995	High	99.04153354632588	HG03039	GWD	AFR	male
HG03040	0.85174344	Intermediate	58.46645367412141	HG03040	GWD	AFR	female
HG03045	1.1749886299999996	High	92.17252396166134	HG03045	GWD	AFR	male
HG03046	1.367911125	High	98.84185303514376	HG03046	GWD	AFR	female
HG03048	0.85881906	Intermediate	59.584664536741215	HG03048	GWD	AFR	male
HG03049	1.4579305799999998	High	99.60063897763578	HG03049	GWD	AFR	female
HG03052	1.1307697199999998	High	88.73801916932908	HG03052	MSL	AFR	female
HG03054	0.98434578	Intermediate	74.88019169329073	HG03054	MSL	AFR	male
HG03055	1.169723609	High	91.81309904153356	HG03055	MSL	AFR	female
HG03057	1.16091428	High	91.25399361022365	HG03057	MSL	AFR	male
HG03058	1.1713056999999998	High	91.97284345047925	HG03058	MSL	AFR	female
HG03060	0.7324961400000001	Intermediate	48.043130990415335	HG03060	MSL	AFR	male
HG03061	0.99739896	Intermediate	76.31789137380191	HG03061	MSL	AFR	female
HG03063	1.1517122	High	90.4552715654952	HG03063	MSL	AFR	male
HG03064	1.26166269	High	95.9664536741214	HG03064	MSL	AFR	female
HG03066	1.28220963	High	96.92492012779552	HG03066	MSL	AFR	male
HG03069	1.13324998	High	89.01757188498402	HG03069	MSL	AFR	male
HG03072	0.95636615	Intermediate	71.56549520766772	HG03072	MSL	AFR	male
HG03073	1.0578420009999998	High	82.18849840255591	HG03073	MSL	AFR	female
HG03074	0.9062118	Intermediate	65.77476038338658	HG03074	MSL	AFR	male
HG03077	1.03390702	High	80.11182108626198	HG03077	MSL	AFR	male
HG03078	0.996491981	Intermediate	76.15814696485623	HG03078	MSL	AFR	male
HG03079	1.2968083599999995	High	97.40415335463258	HG03079	MSL	AFR	female
HG03081	1.2439479699999998	High	95.48722044728434	HG03081	MSL	AFR	male
HG03082	0.90138381	Intermediate	65.17571884984025	HG03082	MSL	AFR	female
HG03084	0.9728598700000002	Intermediate	73.8817891373802	HG03084	MSL	AFR	male
HG03085	1.01735802	Intermediate	78.47444089456869	HG03085	MSL	AFR	female
HG03086	1.0007406	Intermediate	76.6773162939297	HG03086	MSL	AFR	female
HG03088	0.93277328	Intermediate	68.61022364217251	HG03088	MSL	AFR	female
HG03091	1.11637711	High	87.26038338658148	HG03091	MSL	AFR	female
HG03095	1.0437890199999995	High	80.95047923322683	HG03095	MSL	AFR	female
HG03096	1.2837676800000004	High	97.08466453674122	HG03096	MSL	AFR	male
HG03097	1.07112348	High	83.46645367412141	HG03097	MSL	AFR	female
HG03099	1.30498782	High	97.60383386581468	HG03099	ESN	AFR	female
HG03100	0.8699379300000002	Intermediate	60.862619808306704	HG03100	ESN	AFR	male
HG03103	1.31417049	High	97.88338658146964	HG03103	ESN	AFR	male
HG03105	1.41541774	High	99.2811501597444	HG03105	ESN	AFR	female
HG03108	0.769066941	Intermediate	50.918530351437695	HG03108	ESN	AFR	female
HG03109	1.0211008069999998	Intermediate	79.07348242811501	HG03109	ESN	AFR	male
HG03111	0.89025463	Intermediate	63.45846645367412	HG03111	ESN	AFR	female
HG03112	1.2637981100000002	High	96.20607028753992	HG03112	ESN	AFR	male
HG03114	0.6997221388999999	Intermediate	45.04792332268371	HG03114	ESN	AFR	female
HG03115	0.78329408	Intermediate	52.15654952076677	HG03115	ESN	AFR	male
HG03117	1.04194312	High	80.67092651757189	HG03117	ESN	AFR	female
HG03118	0.8077683699999999	Intermediate	54.19329073482429	HG03118	ESN	AFR	male
HG03120	0.93398695	Intermediate	68.84984025559106	HG03120	ESN	AFR	male
HG03121	1.01077051	Intermediate	77.91533546325878	HG03121	ESN	AFR	female
HG03123	1.1211386736	High	87.73961661341852	HG03123	ESN	AFR	female
HG03124	0.91828362	Intermediate	67.17252396166134	HG03124	ESN	AFR	male
HG03126	0.8991364399999999	Intermediate	64.77635782747603	HG03126	ESN	AFR	female
HG03127	1.18440561	High	92.8514376996805	HG03127	ESN	AFR	male
HG03129	1.4203867799999998	High	99.32108626198082	HG03129	ESN	AFR	female
HG03130	0.94311533	Intermediate	70.0479233226837	HG03130	ESN	AFR	male
HG03132	0.8979758899999999	Intermediate	64.49680511182109	HG03132	ESN	AFR	female
HG03133	0.496158077	Intermediate	28.833865814696484	HG03133	ESN	AFR	male
HG03135	1.0554941269999996	High	82.02875399361022	HG03135	ESN	AFR	female
HG03136	1.5369342300000002	High	99.88019169329073	HG03136	ESN	AFR	male
HG03139	1.12258407	High	87.97923322683707	HG03139	ESN	AFR	male
HG03157	1.1421991400000002	High	89.57667731629392	HG03157	ESN	AFR	male
HG03159	0.838718898	Intermediate	57.42811501597445	HG03159	ESN	AFR	female
HG03160	0.97284213	Intermediate	73.84185303514377	HG03160	ESN	AFR	male
HG03162	1.04348432	High	80.83067092651757	HG03162	ESN	AFR	female
HG03163	1.0602686	High	82.46805111821087	HG03163	ESN	AFR	male
HG03166	0.91124651	Intermediate	66.25399361022363	HG03166	ESN	AFR	male
HG03168	1.2753268369999995	High	96.64536741214056	HG03168	ESN	AFR	female
HG03169	1.070946378	High	83.42651757188499	HG03169	ESN	AFR	male
HG03172	1.0892535200000002	High	85.14376996805112	HG03172	ESN	AFR	male
HG03175	0.9121027305627004	Intermediate	66.3738019169329	HG03175	ESN	AFR	male
HG03189	1.15686017	High	90.814696485623	HG03189	ESN	AFR	female
HG03190	0.73627906	Intermediate	48.48242811501598	HG03190	ESN	AFR	male
HG03193	0.74125061	Intermediate	49.001597444089455	HG03193	ESN	AFR	male
HG03195	0.4242493599999998	Intermediate	25.31948881789137	HG03195	ESN	AFR	female
HG03196	1.020912065	Intermediate	78.99361022364218	HG03196	ESN	AFR	male
HG03198	1.019395771	Intermediate	78.63418530351439	HG03198	ESN	AFR	female
HG03199	1.068493941	High	83.06709265175719	HG03199	ESN	AFR	male
HG03202	1.0805602040000002	High	84.10543130990416	HG03202	ESN	AFR	male
HG03209	0.8929619	Intermediate	63.7779552715655	HG03209	MSL	AFR	male
HG03212	1.2110714799999998	High	94.129392971246	HG03212	MSL	AFR	female
HG03224	1.1965766899999997	High	93.370607028754	HG03224	MSL	AFR	male
HG03225	0.9608148840000004	Intermediate	72.32428115015975	HG03225	MSL	AFR	male
HG03228	0.5528430130000002	Intermediate	32.9073482428115	HG03228	PJL	SAS	male
HG03229	0.326366172	Intermediate	20.047923322683705	HG03229	PJL	SAS	female
HG03234	0.31339495	Low	19.289137380191693	HG03234	PJL	SAS	male
HG03235	0.4089965099999999	Intermediate	24.52076677316294	HG03235	PJL	SAS	female
HG03237	0.9438098999999998	Intermediate	70.12779552715655	HG03237	PJL	SAS	male
HG03238	0.31777159	Low	19.688498402555908	HG03238	PJL	SAS	female
HG03240	1.12961799	High	88.65814696485623	HG03240	GWD	AFR	male
HG03241	1.2455272000000002	High	95.52715654952075	HG03241	GWD	AFR	female
HG03246	0.95310375	Intermediate	71.1261980830671	HG03246	GWD	AFR	male
HG03247	1.18625855	High	92.93130990415337	HG03247	GWD	AFR	female
HG03258	1.21622383	High	94.40894568690096	HG03258	GWD	AFR	male
HG03259	0.8096577029999998	Intermediate	54.43290734824281	HG03259	GWD	AFR	female
HG03265	1.272738322	High	96.44568690095848	HG03265	ESN	AFR	male
HG03267	0.943396527	Intermediate	70.08785942492013	HG03267	ESN	AFR	female
HG03268	1.0538088600000002	High	81.78913738019169	HG03268	ESN	AFR	male
HG03270	1.0732116	High	83.58626198083067	HG03270	ESN	AFR	female
HG03271	1.06203282	High	82.5479233226837	HG03271	ESN	AFR	male
HG03279	1.14581224	High	89.81629392971246	HG03279	ESN	AFR	female
HG03280	1.22249791	High	94.8482428115016	HG03280	ESN	AFR	male
HG03291	0.96354611	Intermediate	72.72364217252397	HG03291	ESN	AFR	female
HG03294	1.1621057099999998	High	91.41373801916932	HG03294	ESN	AFR	female
HG03295	1.35763808	High	98.64217252396166	HG03295	ESN	AFR	male
HG03297	1.07207946	High	83.50638977635782	HG03297	ESN	AFR	female
HG03298	1.12364149	High	88.17891373801918	HG03298	ESN	AFR	male
HG03300	0.7552984302000001	Intermediate	49.84025559105431	HG03300	ESN	AFR	female
HG03301	1.0990384120000003	High	86.18210862619809	HG03301	ESN	AFR	male
HG03303	1.1795802370000004	High	92.41214057507987	HG03303	ESN	AFR	female
HG03304	0.941085743	Intermediate	69.88817891373802	HG03304	ESN	AFR	male
HG03311	1.1920008399999995	High	93.13099041533548	HG03311	ESN	AFR	male
HG03313	0.90144044	Intermediate	65.21565495207668	HG03313	ESN	AFR	male
HG03342	1.2167290299999998	High	94.4888178913738	HG03342	ESN	AFR	female
HG03343	1.08281635	High	84.30511182108627	HG03343	ESN	AFR	male
HG03351	0.99563362	Intermediate	76.0782747603834	HG03351	ESN	AFR	female
HG03352	1.20412917	High	93.84984025559106	HG03352	ESN	AFR	male
HG03354	1.05421684	High	81.82907348242811	HG03354	ESN	AFR	female
HG03363	0.98994915	Intermediate	75.43929712460063	HG03363	ESN	AFR	female
HG03366	1.0767599	High	83.90575079872204	HG03366	ESN	AFR	female
HG03367	1.279265875	High	96.80511182108629	HG03367	ESN	AFR	male
HG03369	0.98327715	Intermediate	74.84025559105432	HG03369	ESN	AFR	female
HG03370	0.91838474	Intermediate	67.25239616613419	HG03370	ESN	AFR	male
HG03372	1.2114511820000002	High	94.16932907348244	HG03372	ESN	AFR	female
HG03376	0.8072754400000001	Intermediate	54.07348242811501	HG03376	MSL	AFR	male
HG03378	1.08411199	High	84.58466453674122	HG03378	MSL	AFR	female
HG03380	0.74459839	Intermediate	49.24121405750799	HG03380	MSL	AFR	female
HG03382	0.99480554	Intermediate	75.95846645367412	HG03382	MSL	AFR	male
HG03385	1.2389917699999995	High	95.44728434504792	HG03385	MSL	AFR	male
HG03388	1.29909528	High	97.48402555910543	HG03388	MSL	AFR	male
HG03391	1.0785135299999995	High	84.02555910543131	HG03391	MSL	AFR	male
HG03394	1.3621188700000002	High	98.68210862619809	HG03394	MSL	AFR	male
HG03397	1.26456749	High	96.24600638977635	HG03397	MSL	AFR	male
HG03401	0.8343689199999998	Intermediate	56.90894568690096	HG03401	MSL	AFR	female
HG03410	1.0749929	High	83.70607028753993	HG03410	MSL	AFR	female
HG03419	1.1418119099999997	High	89.5367412140575	HG03419	MSL	AFR	female
HG03428	1.2081379800000005	High	93.96964856230032	HG03428	MSL	AFR	female
HG03432	1.1975978	High	93.53035143769968	HG03432	MSL	AFR	male
HG03433	1.07779579	High	83.98562300319489	HG03433	MSL	AFR	male
HG03436	1.0392648800000002	High	80.47124600638978	HG03436	MSL	AFR	male
HG03437	1.26324112	High	96.1661341853035	HG03437	MSL	AFR	female
HG03439	0.97334489	Intermediate	74.00159744408946	HG03439	MSL	AFR	male
HG03442	0.7835696090000001	Intermediate	52.23642172523961	HG03442	MSL	AFR	male
HG03445	1.1021394600000003	High	86.3817891373802	HG03445	MSL	AFR	male
HG03446	1.297721673	High	97.444089456869	HG03446	MSL	AFR	female
HG03449	1.0179433099999995	Intermediate	78.55431309904152	HG03449	MSL	AFR	female
HG03451	1.1489298330000002	High	90.09584664536742	HG03451	MSL	AFR	male
HG03452	0.83836938	Intermediate	57.34824281150159	HG03452	MSL	AFR	female
HG03455	0.82057008	Intermediate	55.3514376996805	HG03455	MSL	AFR	female
HG03457	1.00729829	Intermediate	77.59584664536742	HG03457	MSL	AFR	male
HG03458	1.3096071799999998	High	97.72364217252397	HG03458	MSL	AFR	female
HG03460	0.994321268	Intermediate	75.9185303514377	HG03460	MSL	AFR	male
HG03461	1.1578088599999998	High	90.93450479233228	HG03461	MSL	AFR	female
HG03464	1.21176124	High	94.24920127795528	HG03464	MSL	AFR	female
HG03469	1.1493792599999997	High	90.17571884984024	HG03469	MSL	AFR	male
HG03470	1.19811414	High	93.61022364217251	HG03470	MSL	AFR	female
HG03472	1.1867812899999997	High	92.97124600638978	HG03472	MSL	AFR	male
HG03473	1.04353576	High	80.870607028754	HG03473	MSL	AFR	female
HG03476	1.0343176656	High	80.19169329073482	HG03476	MSL	AFR	female
HG03478	0.6929811999999999	Intermediate	44.20926517571885	HG03478	MSL	AFR	male
HG03479	1.02440348	Intermediate	79.31309904153355	HG03479	MSL	AFR	female
HG03484	0.81620119	Intermediate	54.99201277955271	HG03484	MSL	AFR	male
HG03485	1.00965947	Intermediate	77.79552715654951	HG03485	MSL	AFR	female
HG03488	0.512951972	Intermediate	29.99201277955272	HG03488	PJL	SAS	female
HG03490	0.69085897	Intermediate	44.04952076677316	HG03490	PJL	SAS	male
HG03491	0.56137953	Intermediate	33.38658146964856	HG03491	PJL	SAS	female
HG03499	1.0890395000000004	High	85.10383386581469	HG03499	ESN	AFR	female
HG03511	1.1446631400000002	High	89.6964856230032	HG03511	ESN	AFR	female
HG03514	1.1182521999999997	High	87.5	HG03514	ESN	AFR	female
HG03515	1.3969038560000002	High	99.0814696485623	HG03515	ESN	AFR	male
HG03517	1.15753576	High	90.89456869009584	HG03517	ESN	AFR	female
HG03518	1.00458406	Intermediate	77.15654952076677	HG03518	ESN	AFR	male
HG03520	1.04545949	High	81.11022364217251	HG03520	ESN	AFR	female
HG03521	0.983045701	Intermediate	74.80031948881789	HG03521	ESN	AFR	male
HG03538	1.36510504	High	98.76198083067092	HG03538	GWD	AFR	male
HG03539	1.043879618	High	80.99041533546327	HG03539	GWD	AFR	female
HG03547	0.9398383699999998	Intermediate	69.60862619808307	HG03547	MSL	AFR	male
HG03548	1.0734352100000002	High	83.6261980830671	HG03548	MSL	AFR	female
HG03556	1.0023110219999998	Intermediate	76.8370607028754	HG03556	MSL	AFR	male
HG03557	1.0697763800000002	High	83.22683706070288	HG03557	MSL	AFR	female
HG03558	1.00158963	Intermediate	76.71725239616613	HG03558	MSL	AFR	female
HG03559	1.1245916250000003	High	88.29872204472844	HG03559	MSL	AFR	male
HG03563	0.5633607979999998	Intermediate	33.50638977635783	HG03563	MSL	AFR	female
HG03565	1.2497749699999998	High	95.64696485623004	HG03565	MSL	AFR	male
HG03567	0.9702289	Intermediate	73.44249201277955	HG03567	MSL	AFR	female
HG03571	1.31645062	High	98.04313099041534	HG03571	MSL	AFR	male
HG03572	1.0206638610000005	Intermediate	78.91373801916933	HG03572	MSL	AFR	female
HG03575	0.936767306	Intermediate	69.28913738019169	HG03575	MSL	AFR	female
HG03577	1.20095925	High	93.69009584664538	HG03577	MSL	AFR	male
HG03578	0.97345101	Intermediate	74.0814696485623	HG03578	MSL	AFR	female
HG03583	1.04683014	High	81.34984025559106	HG03583	MSL	AFR	female
HG03585	0.7693170930000002	Intermediate	50.95846645367412	HG03585	BEB	SAS	male
HG03589	0.80256036836	Intermediate	53.594249201277954	HG03589	BEB	SAS	female
HG03593	0.8994089100000001	Intermediate	64.85623003194888	HG03593	BEB	SAS	male
HG03594	0.7357438599999999	Intermediate	48.402555910543136	HG03594	BEB	SAS	male
HG03595	0.6991038299999999	Intermediate	44.92811501597444	HG03595	BEB	SAS	female
HG03598	0.856031225	Intermediate	59.14536741214057	HG03598	BEB	SAS	female
HG03600	0.8550958099999998	Intermediate	58.94568690095847	HG03600	BEB	SAS	male
HG03603	0.63731572	Intermediate	39.3370607028754	HG03603	BEB	SAS	male
HG03604	1.06468164	High	82.74760383386581	HG03604	BEB	SAS	female
HG03607	0.99285366	Intermediate	75.75878594249201	HG03607	BEB	SAS	female
HG03611	0.60590247	Intermediate	37.14057507987221	HG03611	BEB	SAS	female
HG03615	0.5398934526000001	Intermediate	32.02875399361022	HG03615	BEB	SAS	male
HG03616	0.3905258599999999	Intermediate	23.123003194888177	HG03616	BEB	SAS	female
HG03619	0.3697912399999999	Intermediate	22.08466453674121	HG03619	PJL	SAS	female
HG03624	0.64180215	Intermediate	39.456869009584665	HG03624	PJL	SAS	male
HG03625	1.003469955	Intermediate	77.07667731629392	HG03625	PJL	SAS	female
HG03629	0.7087262089999999	Intermediate	46.24600638977636	HG03629	PJL	SAS	male
HG03631	0.4118610300000001	Intermediate	24.680511182108624	HG03631	PJL	SAS	female
HG03634	0.3321291999999999	Intermediate	20.36741214057508	HG03634	PJL	SAS	female
HG03636	1.09627391	High	85.8626198083067	HG03636	PJL	SAS	male
HG03640	0.77706488	Intermediate	51.4776357827476	HG03640	PJL	SAS	female
HG03642	0.38041693	Intermediate	22.603833865814696	HG03642	STU	SAS	female
HG03643	0.6601913999999999	Intermediate	41.29392971246006	HG03643	STU	SAS	female
HG03644	0.2944997099999999	Low	18.610223642172524	HG03644	STU	SAS	male
HG03645	0.973073757	Intermediate	73.96166134185303	HG03645	STU	SAS	female
HG03646	0.538057117	Intermediate	31.789137380191697	HG03646	STU	SAS	male
HG03649	0.572907421	Intermediate	34.504792332268366	HG03649	PJL	SAS	male
HG03652	0.9409066150000002	Intermediate	69.76837060702876	HG03652	PJL	SAS	male
HG03653	0.777947072	Intermediate	51.55750798722045	HG03653	PJL	SAS	female
HG03660	0.72220102	Intermediate	47.2444089456869	HG03660	PJL	SAS	male
HG03663	0.8506471000000001	Intermediate	58.346645367412144	HG03663	PJL	SAS	male
HG03667	-0.0323777099999999	Low	6.389776357827476	HG03667	PJL	SAS	male
HG03668	0.8818666199999999	Intermediate	62.460063897763575	HG03668	PJL	SAS	female
HG03672	0.8326199499999999	Intermediate	56.78913738019169	HG03672	STU	SAS	male
HG03673	1.1601492000000002	High	91.09424920127796	HG03673	STU	SAS	female
HG03679	0.97898652	Intermediate	74.6405750798722	HG03679	STU	SAS	male
HG03680	0.9068306700000002	Intermediate	65.85463258785943	HG03680	STU	SAS	male
HG03681	0.4008535	Intermediate	24.0814696485623	HG03681	STU	SAS	male
HG03684	1.03656128	High	80.27156549520767	HG03684	STU	SAS	female
HG03685	0.5682177789999999	Intermediate	33.98562300319489	HG03685	STU	SAS	male
HG03686	0.9413040299999998	Intermediate	69.92811501597444	HG03686	STU	SAS	male
HG03687	0.7779023919999999	Intermediate	51.51757188498402	HG03687	STU	SAS	male
HG03689	1.0515489340000002	High	81.70926517571885	HG03689	STU	SAS	female
HG03690	0.96825837	Intermediate	73.28274760383387	HG03690	STU	SAS	female
HG03691	0.8334108	Intermediate	56.86900958466453	HG03691	STU	SAS	male
HG03692	0.35644573	Intermediate	21.52555910543131	HG03692	STU	SAS	female
HG03693	0.4685923000000001	Intermediate	27.55591054313099	HG03693	STU	SAS	male
HG03694	0.6543011	Intermediate	40.615015974440894	HG03694	STU	SAS	male
HG03695	0.91757895	Intermediate	67.13258785942492	HG03695	STU	SAS	male
HG03696	0.80814064	Intermediate	54.27316293929712	HG03696	STU	SAS	male
HG03697	0.7465578199999997	Intermediate	49.36102236421725	HG03697	STU	SAS	male
HG03698	0.810881642	Intermediate	54.55271565495208	HG03698	STU	SAS	female
HG03702	0.3956615699999999	Intermediate	23.48242811501597	HG03702	PJL	SAS	male
HG03703	0.8087770999999999	Intermediate	54.3929712460064	HG03703	PJL	SAS	female
HG03705	0.5048007899999999	Intermediate	29.43290734824281	HG03705	PJL	SAS	male
HG03706	0.31373923	Low	19.329073482428115	HG03706	PJL	SAS	female
HG03708	0.6665899199999998	Intermediate	41.93290734824281	HG03708	PJL	SAS	male
HG03709	0.643215466	Intermediate	39.61661341853035	HG03709	PJL	SAS	female
HG03711	0.737192161	Intermediate	48.56230031948881	HG03711	STU	SAS	male
HG03713	0.446111629	Intermediate	26.63738019169329	HG03713	ITU	SAS	male
HG03714	0.37399048	Intermediate	22.2444089456869	HG03714	ITU	SAS	female
HG03716	1.11899404	High	87.61980830670927	HG03716	ITU	SAS	male
HG03717	1.3057563599999995	High	97.64376996805112	HG03717	ITU	SAS	female
HG03718	0.8376011900000001	Intermediate	57.18849840255591	HG03718	ITU	SAS	male
HG03720	1.04978512	High	81.54952076677317	HG03720	ITU	SAS	male
HG03722	0.90577728	Intermediate	65.73482428115017	HG03722	ITU	SAS	female
HG03727	0.9332712800000004	Intermediate	68.69009584664538	HG03727	ITU	SAS	male
HG03729	1.1133761999999998	High	87.10063897763578	HG03729	ITU	SAS	male
HG03730	0.86554245	Intermediate	60.343450479233226	HG03730	ITU	SAS	female
HG03731	1.13301336	High	88.9776357827476	HG03731	ITU	SAS	female
HG03733	0.9789315	Intermediate	74.60063897763578	HG03733	STU	SAS	female
HG03736	0.6961173799999999	Intermediate	44.4888178913738	HG03736	STU	SAS	female
HG03738	0.3799944500000001	Intermediate	22.563897763578275	HG03738	STU	SAS	male
HG03740	0.8198287799999999	Intermediate	55.23162939297125	HG03740	STU	SAS	male
HG03741	1.0938150999999998	High	85.50319488817891	HG03741	STU	SAS	female
HG03742	0.784140209	Intermediate	52.27635782747604	HG03742	ITU	SAS	male
HG03743	0.49721869	Intermediate	28.873801916932905	HG03743	STU	SAS	male
HG03744	0.6024693000000001	Intermediate	36.86102236421725	HG03744	STU	SAS	male
HG03745	0.6968626599999999	Intermediate	44.68849840255591	HG03745	STU	SAS	male
HG03746	0.08569612	Low	10.303514376996803	HG03746	STU	SAS	male
HG03750	0.8885425149999998	Intermediate	63.25878594249201	HG03750	STU	SAS	male
HG03752	0.6484496800000001	Intermediate	40.01597444089457	HG03752	STU	SAS	female
HG03753	1.0868310600000002	High	84.78434504792332	HG03753	STU	SAS	male
HG03754	0.75950715	Intermediate	50.19968051118211	HG03754	STU	SAS	female
HG03755	1.0147532399999997	Intermediate	78.35463258785943	HG03755	STU	SAS	male
HG03756	0.92336391	Intermediate	67.69169329073482	HG03756	STU	SAS	female
HG03757	0.1439808469999999	Low	12.53993610223642	HG03757	STU	SAS	female
HG03760	0.9165121	Intermediate	66.8929712460064	HG03760	STU	SAS	female
HG03762	0.760764765	Intermediate	50.319488817891376	HG03762	PJL	SAS	female
HG03765	0.6042834899999999	Intermediate	37.02076677316294	HG03765	PJL	SAS	female
HG03767	0.6110401799999999	Intermediate	37.65974440894569	HG03767	PJL	SAS	male
HG03770	0.617992001	Intermediate	38.09904153354633	HG03770	ITU	SAS	female
HG03771	0.5255076999999999	Intermediate	30.710862619808303	HG03771	ITU	SAS	male
HG03772	0.34068004	Intermediate	20.80670926517572	HG03772	ITU	SAS	female
HG03773	0.71493795	Intermediate	46.64536741214057	HG03773	ITU	SAS	male
HG03774	0.6098122500000001	Intermediate	37.61980830670926	HG03774	ITU	SAS	female
HG03775	0.8807141130000001	Intermediate	62.10063897763578	HG03775	ITU	SAS	male
HG03777	0.407233389	Intermediate	24.400958466453677	HG03777	ITU	SAS	male
HG03778	1.031475474	Intermediate	79.7923322683706	HG03778	ITU	SAS	male
HG03779	0.4795661581	Intermediate	27.915335463258785	HG03779	ITU	SAS	male
HG03780	1.3134274	High	97.8035143769968	HG03780	ITU	SAS	female
HG03781	0.8206478100000002	Intermediate	55.39137380191693	HG03781	ITU	SAS	female
HG03782	1.1336112500000002	High	89.05750798722045	HG03782	ITU	SAS	female
HG03784	0.95013921	Intermediate	70.88658146964856	HG03784	ITU	SAS	female
HG03785	1.1265798899999997	High	88.49840255591054	HG03785	ITU	SAS	male
HG03786	0.8150293599999999	Intermediate	54.912140575079874	HG03786	ITU	SAS	male
HG03787	0.7826292500000002	Intermediate	51.95686900958466	HG03787	ITU	SAS	female
HG03788	1.0563972700000002	High	82.10862619808307	HG03788	ITU	SAS	male
HG03789	0.69075254	Intermediate	44.009584664536746	HG03789	ITU	SAS	female
HG03790	0.94025605	Intermediate	69.6485623003195	HG03790	ITU	SAS	male
HG03792	1.15262818	High	90.53514376996804	HG03792	ITU	SAS	male
HG03793	0.6172327499999999	Intermediate	38.0591054313099	HG03793	BEB	SAS	female
HG03796	0.4650164750000001	Intermediate	27.51597444089457	HG03796	BEB	SAS	female
HG03800	0.7030252200000001	Intermediate	45.4073482428115	HG03800	BEB	SAS	male
HG03802	0.64542755	Intermediate	39.736421725239616	HG03802	BEB	SAS	female
HG03803	0.71563473	Intermediate	46.685303514377	HG03803	BEB	SAS	male
HG03805	0.27510598	Low	17.57188498402556	HG03805	BEB	SAS	female
HG03808	1.1212721939999997	High	87.77955271565496	HG03808	BEB	SAS	female
HG03809	0.43506686	Intermediate	25.838658146964853	HG03809	BEB	SAS	male
HG03812	0.6951689	Intermediate	44.36900958466454	HG03812	BEB	SAS	male
HG03814	0.92955252	Intermediate	68.25079872204472	HG03814	BEB	SAS	female
HG03815	0.44397689	Intermediate	26.437699680511184	HG03815	BEB	SAS	male
HG03817	0.11226761	Low	11.261980830670929	HG03817	BEB	SAS	female
HG03821	0.58807779	Intermediate	35.70287539936102	HG03821	BEB	SAS	male
HG03823	1.0855921	High	84.70447284345049	HG03823	BEB	SAS	female
HG03824	0.7255594599999999	Intermediate	47.48402555910543	HG03824	BEB	SAS	male
HG03826	0.783226413	Intermediate	52.0367412140575	HG03826	BEB	SAS	female
HG03829	0.76508073	Intermediate	50.63897763578274	HG03829	BEB	SAS	female
HG03830	0.43317035	Intermediate	25.63897763578275	HG03830	BEB	SAS	male
HG03832	0.8981452800000003	Intermediate	64.57667731629392	HG03832	BEB	SAS	female
HG03833	0.31006835	Low	19.089456869009584	HG03833	BEB	SAS	male
HG03836	0.8730396999999998	Intermediate	61.18210862619809	HG03836	STU	SAS	female
HG03837	0.62968746	Intermediate	39.01757188498402	HG03837	STU	SAS	male
HG03838	0.7925544499999999	Intermediate	52.87539936102237	HG03838	STU	SAS	female
HG03844	0.6759416399999999	Intermediate	42.6517571884984	HG03844	STU	SAS	male
HG03846	0.4523240999999999	Intermediate	26.956869009584665	HG03846	STU	SAS	male
HG03848	1.2106817800000005	High	94.08945686900958	HG03848	STU	SAS	male
HG03849	0.8940635000000001	Intermediate	63.9776357827476	HG03849	STU	SAS	female
HG03850	1.057982694	High	82.22843450479233	HG03850	STU	SAS	male
HG03851	0.6436058000000001	Intermediate	39.65654952076677	HG03851	STU	SAS	male
HG03854	1.313580101	High	97.84345047923324	HG03854	STU	SAS	male
HG03856	0.96736671	Intermediate	73.1629392971246	HG03856	STU	SAS	male
HG03857	0.571197527	Intermediate	34.30511182108626	HG03857	STU	SAS	female
HG03858	0.6516018999999998	Intermediate	40.41533546325879	HG03858	STU	SAS	female
HG03861	0.7806294799999999	Intermediate	51.837060702875405	HG03861	ITU	SAS	female
HG03862	0.53916972	Intermediate	31.90894568690096	HG03862	ITU	SAS	female
HG03863	0.8253537630000002	Intermediate	55.95047923322684	HG03863	ITU	SAS	female
HG03864	1.1314033	High	88.7779552715655	HG03864	ITU	SAS	male
HG03866	0.53857115	Intermediate	31.829073482428115	HG03866	ITU	SAS	male
HG03867	1.1005553900000002	High	86.26198083067092	HG03867	ITU	SAS	male
HG03868	0.3329262190000001	Intermediate	20.4073482428115	HG03868	ITU	SAS	female
HG03869	0.5793081	Intermediate	34.98402555910543	HG03869	ITU	SAS	male
HG03870	0.5010912399999997	Intermediate	29.19329073482428	HG03870	ITU	SAS	male
HG03871	0.907282	Intermediate	65.89456869009584	HG03871	ITU	SAS	male
HG03872	0.7388955400000001	Intermediate	48.68210862619809	HG03872	ITU	SAS	male
HG03873	0.8067518699999998	Intermediate	53.99361022364217	HG03873	ITU	SAS	female
HG03874	0.3714519799999999	Intermediate	22.12460063897764	HG03874	ITU	SAS	female
HG03875	0.45340308	Intermediate	27.036741214057507	HG03875	ITU	SAS	male
HG03882	0.961784295	Intermediate	72.56389776357828	HG03882	ITU	SAS	female
HG03884	0.6024230100000001	Intermediate	36.82108626198083	HG03884	STU	SAS	female
HG03885	0.25748347	Low	16.93290734824281	HG03885	STU	SAS	male
HG03886	1.491802266	High	99.76038338658148	HG03886	STU	SAS	female
HG03887	0.7593306799999998	Intermediate	50.15974440894568	HG03887	STU	SAS	male
HG03888	0.42346163	Intermediate	25.27955271565495	HG03888	STU	SAS	female
HG03890	0.8714504200000001	Intermediate	60.98242811501598	HG03890	STU	SAS	male
HG03894	0.8395776999999999	Intermediate	57.46805111821086	HG03894	STU	SAS	female
HG03895	0.7220111600000001	Intermediate	47.16453674121406	HG03895	STU	SAS	female
HG03896	0.7040878199999999	Intermediate	45.52715654952076	HG03896	STU	SAS	male
HG03897	0.54035391	Intermediate	32.108626198083066	HG03897	STU	SAS	female
HG03898	0.9028874	Intermediate	65.41533546325878	HG03898	STU	SAS	female
HG03899	0.8818512000000001	Intermediate	62.42012779552716	HG03899	STU	SAS	male
HG03900	1.2336741600000003	High	95.32747603833866	HG03900	STU	SAS	male
HG03902	0.5000435200000001	Intermediate	29.073482428115017	HG03902	BEB	SAS	male
HG03905	0.7219472740000001	Intermediate	47.12460063897764	HG03905	BEB	SAS	male
HG03907	1.05154051	High	81.66932907348243	HG03907	BEB	SAS	female
HG03908	0.5484872	Intermediate	32.66773162939297	HG03908	BEB	SAS	male
HG03910	0.3406709399999998	Intermediate	20.766773162939295	HG03910	BEB	SAS	female
HG03911	0.47120451	Intermediate	27.635782747603837	HG03911	BEB	SAS	male
HG03913	0.7269733	Intermediate	47.6038338658147	HG03913	BEB	SAS	female
HG03914	0.4316807200000001	Intermediate	25.559105431309906	HG03914	BEB	SAS	male
HG03916	0.53156578	Intermediate	31.190095846645367	HG03916	BEB	SAS	female
HG03917	0.54727659	Intermediate	32.587859424920126	HG03917	BEB	SAS	male
HG03919	0.5895632600000001	Intermediate	35.78274760383386	HG03919	BEB	SAS	female
HG03920	1.3869412200000002	High	98.96166134185304	HG03920	BEB	SAS	male
HG03922	0.58322016	Intermediate	35.38338658146965	HG03922	BEB	SAS	female
HG03925	0.63582365	Intermediate	39.25718849840256	HG03925	BEB	SAS	female
HG03926	0.539253118	Intermediate	31.948881789137378	HG03926	BEB	SAS	male
HG03928	0.968954629	Intermediate	73.40255591054313	HG03928	BEB	SAS	female
HG03931	0.3333145399999999	Intermediate	20.44728434504792	HG03931	BEB	SAS	female
HG03934	0.7338282300000001	Intermediate	48.20287539936102	HG03934	BEB	SAS	female
HG03937	0.7072326000000002	Intermediate	45.96645367412141	HG03937	BEB	SAS	female
HG03940	0.6484365200000002	Intermediate	39.97603833865815	HG03940	BEB	SAS	female
HG03941	0.9783345010000002	Intermediate	74.52076677316293	HG03941	BEB	SAS	male
HG03943	0.8927303350000001	Intermediate	63.73801916932907	HG03943	STU	SAS	male
HG03944	0.34118629	Intermediate	20.88658146964856	HG03944	STU	SAS	female
HG03945	0.7029918350000001	Intermediate	45.36741214057509	HG03945	STU	SAS	female
HG03947	0.6438616623000001	Intermediate	39.6964856230032	HG03947	STU	SAS	female
HG03949	0.80221902	Intermediate	53.51437699680511	HG03949	STU	SAS	female
HG03950	0.4334516999999999	Intermediate	25.678913738019173	HG03950	STU	SAS	male
HG03951	0.8663423909	Intermediate	60.4632587859425	HG03951	STU	SAS	female
HG03953	0.53679453	Intermediate	31.589456869009584	HG03953	STU	SAS	male
HG03955	0.48030529	Intermediate	27.95527156549521	HG03955	STU	SAS	female
HG03960	0.756416957	Intermediate	49.96006389776358	HG03960	ITU	SAS	male
HG03963	0.95794117	Intermediate	71.80511182108627	HG03963	ITU	SAS	male
HG03965	0.8145093000000001	Intermediate	54.87220447284346	HG03965	ITU	SAS	male
HG03967	1.21687282	High	94.52875399361022	HG03967	ITU	SAS	male
HG03968	0.6795703	Intermediate	42.85143769968051	HG03968	ITU	SAS	female
HG03969	0.91645188	Intermediate	66.81309904153355	HG03969	ITU	SAS	male
HG03971	0.92229562	Intermediate	67.57188498402556	HG03971	ITU	SAS	male
HG03973	0.65103396	Intermediate	40.37539936102236	HG03973	ITU	SAS	female
HG03974	0.8361620099999999	Intermediate	57.06869009584664	HG03974	ITU	SAS	male
HG03976	0.97156457	Intermediate	73.64217252396166	HG03976	ITU	SAS	male
HG03977	0.8620829999999999	Intermediate	59.864217252396166	HG03977	ITU	SAS	female
HG03978	1.04640501	High	81.23003194888179	HG03978	ITU	SAS	male
HG03985	0.8637779499999999	Intermediate	60.10383386581469	HG03985	STU	SAS	male
HG03986	0.7228598529999999	Intermediate	47.364217252396166	HG03986	STU	SAS	female
HG03989	0.493288716	Intermediate	28.594249201277957	HG03989	STU	SAS	female
HG03990	0.6866470299999999	Intermediate	43.5702875399361	HG03990	STU	SAS	male
HG03991	1.1744091700000003	High	92.13258785942492	HG03991	STU	SAS	male
HG03995	1.1843942099999998	High	92.81150159744408	HG03995	STU	SAS	female
HG03998	1.146922207	High	89.85623003194888	HG03998	STU	SAS	male
HG03999	0.62402091	Intermediate	38.57827476038339	HG03999	STU	SAS	male
HG04001	0.95099993	Intermediate	70.92651757188499	HG04001	ITU	SAS	female
HG04002	0.441127275	Intermediate	26.198083067092654	HG04002	ITU	SAS	male
HG04003	1.34926139	High	98.5623003194888	HG04003	STU	SAS	male
HG04006	0.8576000199999999	Intermediate	59.34504792332268	HG04006	STU	SAS	male
HG04014	0.57066489	Intermediate	34.225239616613415	HG04014	ITU	SAS	female
HG04015	0.5573012599999998	Intermediate	33.146964856230035	HG04015	ITU	SAS	male
HG04017	0.7466682200000002	Intermediate	49.40095846645367	HG04017	ITU	SAS	male
HG04018	0.7294904999999999	Intermediate	47.763578274760384	HG04018	ITU	SAS	female
HG04019	1.0829259799999995	High	84.34504792332268	HG04019	ITU	SAS	male
HG04020	0.8313685000000001	Intermediate	56.66932907348243	HG04020	ITU	SAS	male
HG04022	0.482884401	Intermediate	28.19488817891374	HG04022	ITU	SAS	male
HG04023	0.8976195499999997	Intermediate	64.41693290734824	HG04023	ITU	SAS	male
HG04025	1.08679218	High	84.7444089456869	HG04025	ITU	SAS	female
HG04026	1.12922055	High	88.6182108626198	HG04026	ITU	SAS	female
HG04029	0.916068811	Intermediate	66.77316293929712	HG04029	STU	SAS	female
HG04033	0.9300950400000004	Intermediate	68.41054313099042	HG04033	STU	SAS	male
HG04035	0.669965441	Intermediate	42.21246006389776	HG04035	STU	SAS	female
HG04038	0.5179519610000001	Intermediate	30.31150159744409	HG04038	STU	SAS	female
HG04039	1.181062509	High	92.61182108626198	HG04039	STU	SAS	male
HG04042	0.86549972	Intermediate	60.3035143769968	HG04042	STU	SAS	female
HG04047	1.0872931099999998	High	84.82428115015975	HG04047	STU	SAS	female
HG04054	0.672220293	Intermediate	42.29233226837061	HG04054	ITU	SAS	female
HG04056	0.6465944700000001	Intermediate	39.85623003194888	HG04056	ITU	SAS	male
HG04059	0.6422182299999999	Intermediate	39.53674121405751	HG04059	ITU	SAS	female
HG04060	0.40389805	Intermediate	24.24121405750799	HG04060	ITU	SAS	male
HG04061	0.3173771199999999	Low	19.60862619808307	HG04061	ITU	SAS	male
HG04062	0.7051438899999999	Intermediate	45.766773162939295	HG04062	ITU	SAS	female
HG04063	0.8978912399999998	Intermediate	64.45686900958466	HG04063	ITU	SAS	female
HG04070	0.6555323700000001	Intermediate	40.774760383386585	HG04070	ITU	SAS	female
HG04075	0.6812286859999999	Intermediate	43.0111821086262	HG04075	STU	SAS	female
HG04076	0.59935932	Intermediate	36.62140575079872	HG04076	ITU	SAS	female
HG04080	0.6597833999999999	Intermediate	41.1741214057508	HG04080	ITU	SAS	male
HG04090	0.5802857382999999	Intermediate	35.1038338658147	HG04090	ITU	SAS	female
HG04093	0.36586207	Intermediate	21.765175718849843	HG04093	ITU	SAS	male
HG04094	0.927511424	Intermediate	68.09105431309904	HG04094	ITU	SAS	male
HG04096	0.4976793699999999	Intermediate	28.953674121405747	HG04096	ITU	SAS	male
HG04098	0.8534117430000002	Intermediate	58.66613418530351	HG04098	ITU	SAS	male
HG04099	0.8109651433000001	Intermediate	54.592651757188506	HG04099	STU	SAS	female
HG04100	0.8241973799999999	Intermediate	55.71086261980831	HG04100	STU	SAS	male
HG04106	0.9534889000000002	Intermediate	71.24600638977637	HG04106	STU	SAS	female
HG04107	0.7622439700000002	Intermediate	50.35942492012779	HG04107	STU	SAS	male
HG04118	0.39203187	Intermediate	23.242811501597444	HG04118	ITU	SAS	female
HG04131	0.315685944	Low	19.4888178913738	HG04131	BEB	SAS	male
HG04134	0.6743199500000002	Intermediate	42.49201277955272	HG04134	BEB	SAS	male
HG04140	0.8169882269999998	Intermediate	55.15175718849841	HG04140	BEB	SAS	male
HG04141	0.6825941120000002	Intermediate	43.29073482428115	HG04141	BEB	SAS	female
HG04144	0.43929983	Intermediate	25.998402555910545	HG04144	BEB	SAS	female
HG04146	1.103640866	High	86.54153354632588	HG04146	BEB	SAS	male
HG04152	0.6565111199999999	Intermediate	40.93450479233226	HG04152	BEB	SAS	male
HG04153	0.53681298	Intermediate	31.62939297124601	HG04153	BEB	SAS	female
HG04155	0.7802320399999998	Intermediate	51.79712460063898	HG04155	BEB	SAS	male
HG04156	0.68246673	Intermediate	43.2108626198083	HG04156	BEB	SAS	female
HG04158	0.8812460900000002	Intermediate	62.14057507987221	HG04158	BEB	SAS	male
HG04159	1.15865668	High	90.97444089456869	HG04159	BEB	SAS	female
HG04161	0.56024376	Intermediate	33.266773162939295	HG04161	BEB	SAS	male
HG04162	1.3915470009999995	High	99.00159744408946	HG04162	BEB	SAS	female
HG04164	0.83195348	Intermediate	56.70926517571885	HG04164	BEB	SAS	male
HG04171	0.60776936	Intermediate	37.38019169329074	HG04171	BEB	SAS	female
HG04173	0.9519040882	Intermediate	70.96645367412141	HG04173	BEB	SAS	male
HG04176	0.96159003	Intermediate	72.48402555910543	HG04176	BEB	SAS	male
HG04177	0.59605273	Intermediate	36.30191693290735	HG04177	BEB	SAS	female
HG04180	0.7719437510000001	Intermediate	51.11821086261981	HG04180	BEB	SAS	female
HG04182	0.79375596	Intermediate	52.99520766773163	HG04182	BEB	SAS	male
HG04183	0.8245809199999998	Intermediate	55.83067092651757	HG04183	BEB	SAS	female
HG04185	0.6695395759999999	Intermediate	42.13258785942492	HG04185	BEB	SAS	male
HG04186	0.5321494515000003	Intermediate	31.230031948881788	HG04186	BEB	SAS	female
HG04188	0.77634882	Intermediate	51.31789137380191	HG04188	BEB	SAS	male
HG04189	0.95890299	Intermediate	71.96485623003196	HG04189	BEB	SAS	female
HG04194	0.5250385599999999	Intermediate	30.591054313099043	HG04194	BEB	SAS	male
HG04195	0.8759809900000003	Intermediate	61.62140575079872	HG04195	BEB	SAS	female
HG04198	0.36863556	Intermediate	22.004792332268373	HG04198	ITU	SAS	male
HG04200	0.356239	Intermediate	21.48562300319489	HG04200	ITU	SAS	female
HG04202	0.5141072999999998	Intermediate	30.07188498402556	HG04202	ITU	SAS	female
HG04206	0.8040759900000001	Intermediate	53.71405750798722	HG04206	ITU	SAS	male
HG04209	0.7658261799999999	Intermediate	50.71884984025559	HG04209	ITU	SAS	female
HG04210	0.28974901	Low	18.45047923322684	HG04210	STU	SAS	male
HG04211	0.90320099	Intermediate	65.49520766773162	HG04211	ITU	SAS	male
HG04212	0.7057324170000001	Intermediate	45.80670926517572	HG04212	ITU	SAS	female
HG04214	0.6542842300000001	Intermediate	40.57507987220447	HG04214	ITU	SAS	female
HG04216	0.51221567	Intermediate	29.87220447284345	HG04216	ITU	SAS	female
HG04219	0.53352553	Intermediate	31.429712460063897	HG04219	ITU	SAS	male
HG04222	0.6131816600000001	Intermediate	37.85942492012779	HG04222	ITU	SAS	male
HG04225	0.5273269999999999	Intermediate	31.03035143769968	HG04225	ITU	SAS	male
HG04227	1.0939607299999998	High	85.54313099041534	HG04227	STU	SAS	female
HG04229	0.8936140900000001	Intermediate	63.857827476038345	HG04229	STU	SAS	male
HG04235	0.5997756123099999	Intermediate	36.70127795527157	HG04235	ITU	SAS	male
HG04238	0.8108794100000002	Intermediate	54.51277955271565	HG04238	ITU	SAS	male
HG04239	0.9853621500000002	Intermediate	75.07987220447284	HG04239	ITU	SAS	male
NA06984	0.17896954	Low	13.658146964856227	NA06984	CEU	EUR	male
NA06985	-0.1230105599999999	Low	4.39297124600639	NA06985	CEU	EUR	female
NA06986	0.139494117	Low	12.340255591054312	NA06986	CEU	EUR	male
NA06989	-0.4353522	Low	0.5591054313099041	NA06989	CEU	EUR	female
NA06994	-0.1309126190000001	Low	4.15335463258786	NA06994	CEU	EUR	male
NA07000	-0.43535643	Low	0.5191693290734825	NA07000	CEU	EUR	female
NA07037	0.6905416169999998	Intermediate	43.96964856230032	NA07037	CEU	EUR	female
NA07048	-0.25646234	Low	2.476038338658147	NA07048	CEU	EUR	male
NA07051	-0.09968056	Low	4.912140575079873	NA07051	CEU	EUR	male
NA07056	0.0110830999999999	Low	7.947284345047924	NA07056	CEU	EUR	female
NA07347	-0.1992819659999999	Low	3.035143769968051	NA07347	CEU	EUR	male
NA07357	0.44123058	Intermediate	26.238019169329075	NA07357	CEU	EUR	male
NA10847	-0.0969773899999999	Low	5.071884984025559	NA10847	CEU	EUR	female
NA10851	0.3663232	Intermediate	21.80511182108626	NA10851	CEU	EUR	male
NA11829	-0.336019056	Low	1.5575079872204471	NA11829	CEU	EUR	male
NA11830	-0.06074932	Low	5.8706070287539935	NA11830	CEU	EUR	female
NA11831	0.01049174	Low	7.867412140575079	NA11831	CEU	EUR	male
NA11832	-0.2332898639999999	Low	2.675718849840256	NA11832	CEU	EUR	female
NA11840	-0.0879812	Low	5.351437699680512	NA11840	CEU	EUR	female
NA11843	-0.0105185099999999	Low	7.1485623003194885	NA11843	CEU	EUR	male
NA11881	-0.5558198699999999	Low	0.0798722044728434	NA11881	CEU	EUR	male
NA11892	-0.132433592	Low	4.113418530351438	NA11892	CEU	EUR	female
NA11893	0.1639234	Low	13.059105431309902	NA11893	CEU	EUR	male
NA11894	-0.09893703	Low	4.992012779552716	NA11894	CEU	EUR	female
NA11918	0.39763863	Intermediate	23.682108626198083	NA11918	CEU	EUR	female
NA11919	0.2823715499999999	Low	18.091054313099043	NA11919	CEU	EUR	male
NA11920	-0.0543901549999999	Low	6.0303514376996805	NA11920	CEU	EUR	female
NA11930	0.5989814499999999	Intermediate	36.5814696485623	NA11930	CEU	EUR	male
NA11931	-0.0098045139999999	Low	7.2284345047923315	NA11931	CEU	EUR	female
NA11932	-0.4014435799999999	Low	0.7987220447284344	NA11932	CEU	EUR	male
NA11933	-0.5393186200000002	Low	0.1597444089456869	NA11933	CEU	EUR	female
NA11992	-0.23013815	Low	2.7555910543130997	NA11992	CEU	EUR	male
NA11994	0.1301046834	Low	11.900958466453677	NA11994	CEU	EUR	male
NA11995	0.00065517	Low	7.62779552715655	NA11995	CEU	EUR	female
NA12003	-0.5324490400000002	Low	0.1996805111821086	NA12003	CEU	EUR	male
NA12004	-0.30176979	Low	1.8370607028753996	NA12004	CEU	EUR	female
NA12005	-0.1260584999999999	Low	4.353035143769969	NA12005	CEU	EUR	male
NA12006	-0.12750731	Low	4.273162939297125	NA12006	CEU	EUR	female
NA12043	0.0401336299999999	Low	8.666134185303514	NA12043	CEU	EUR	male
NA12044	0.3248680809999999	Low	19.92811501597444	NA12044	CEU	EUR	female
NA12045	-0.0990466999999999	Low	4.952076677316294	NA12045	CEU	EUR	male
NA12046	0.50429036	Intermediate	29.35303514376997	NA12046	CEU	EUR	female
NA12058	0.4209463599999999	Intermediate	25.119808306709263	NA12058	CEU	EUR	female
NA12144	0.38223874	Intermediate	22.843450479233223	NA12144	CEU	EUR	male
NA12154	0.22736167	Low	15.455271565495208	NA12154	CEU	EUR	male
NA12155	0.3121890699999999	Low	19.12939297124601	NA12155	CEU	EUR	male
NA12156	0.3179093700000001	Low	19.768370607028757	NA12156	CEU	EUR	female
NA12234	0.21117331	Low	14.77635782747604	NA12234	CEU	EUR	female
NA12249	0.2359969699999999	Low	15.814696485623005	NA12249	CEU	EUR	female
NA12272	0.25582792	Low	16.85303514376997	NA12272	CEU	EUR	male
NA12273	-0.3638948700000001	Low	1.2779552715654952	NA12273	CEU	EUR	female
NA12275	-0.19220484	Low	3.1948881789137378	NA12275	CEU	EUR	female
NA12282	0.30809056	Low	18.96964856230032	NA12282	CEU	EUR	male
NA12283	-0.05365498	Low	6.070287539936102	NA12283	CEU	EUR	female
NA12286	0.317404354	Low	19.64856230031949	NA12286	CEU	EUR	male
NA12287	0.2908018599999999	Low	18.53035143769968	NA12287	CEU	EUR	female
NA12340	-0.0580521076999999	Low	5.910543130990416	NA12340	CEU	EUR	male
NA12341	0.6132290699999999	Intermediate	37.89936102236422	NA12341	CEU	EUR	female
NA12342	-0.17423343	Low	3.3945686900958463	NA12342	CEU	EUR	male
NA12347	0.2235752539999999	Low	15.175718849840257	NA12347	CEU	EUR	male
NA12348	-0.1999885499999999	Low	2.955271565495208	NA12348	CEU	EUR	female
NA12383	-0.22871389	Low	2.8354632587859427	NA12383	CEU	EUR	female
NA12399	-0.1362859199999999	Low	4.033546325878594	NA12399	CEU	EUR	male
NA12400	-0.3373741759999999	Low	1.5175718849840254	NA12400	CEU	EUR	female
NA12413	0.06694395	Low	9.624600638977636	NA12413	CEU	EUR	male
NA12414	-0.2934703459999999	Low	1.996805111821086	NA12414	CEU	EUR	female
NA12489	-0.11633312	Low	4.672523961661343	NA12489	CEU	EUR	female
NA12546	0.16251245	Low	12.979233226837062	NA12546	CEU	EUR	male
NA12716	-0.0262461999999999	Low	6.629392971246007	NA12716	CEU	EUR	male
NA12717	0.6203527100000001	Intermediate	38.37859424920128	NA12717	CEU	EUR	female
NA12718	0.3214722999999999	Low	19.88817891373802	NA12718	CEU	EUR	female
NA12748	-0.1677028899999999	Low	3.5543130990415333	NA12748	CEU	EUR	male
NA12749	0.23780721	Low	16.01437699680511	NA12749	CEU	EUR	female
NA12750	-0.3760651599999999	Low	1.15814696485623	NA12750	CEU	EUR	male
NA12751	0.1214533929999999	Low	11.541533546325878	NA12751	CEU	EUR	female
NA12760	0.09527204	Low	10.742811501597444	NA12760	CEU	EUR	male
NA12761	-0.10053678	Low	4.872204472843451	NA12761	CEU	EUR	female
NA12762	0.16571987	Low	13.138977635782748	NA12762	CEU	EUR	male
NA12763	-0.24529902	Low	2.5958466453674123	NA12763	CEU	EUR	female
NA12775	0.1120274299999999	Low	11.142172523961662	NA12775	CEU	EUR	male
NA12776	-0.0893398199999999	Low	5.271565495207668	NA12776	CEU	EUR	female
NA12777	-0.3885350564	Low	0.998402555910543	NA12777	CEU	EUR	male
NA12778	0.4420438200000001	Intermediate	26.31789137380192	NA12778	CEU	EUR	female
NA12812	0.04391876	Low	8.706070287539937	NA12812	CEU	EUR	male
NA12813	-0.12217447	Low	4.472843450479233	NA12813	CEU	EUR	female
NA12814	0.5236788	Intermediate	30.5111821086262	NA12814	CEU	EUR	male
NA12815	0.0165961	Low	8.146964856230031	NA12815	CEU	EUR	female
NA12827	0.08468722	Low	10.22364217252396	NA12827	CEU	EUR	male
NA12828	0.2775631700000001	Low	17.731629392971247	NA12828	CEU	EUR	female
NA12829	0.15389855	Low	12.73961661341853	NA12829	CEU	EUR	male
NA12830	0.1218630859999999	Low	11.5814696485623	NA12830	CEU	EUR	female
NA12842	0.1920257799999999	Low	14.257188498402556	NA12842	CEU	EUR	male
NA12843	0.1820874599999999	Low	13.777955271565496	NA12843	CEU	EUR	female
NA12872	0.5146911199999998	Intermediate	30.11182108626198	NA12872	CEU	EUR	male
NA12873	0.0209837769999999	Low	8.266773162939298	NA12873	CEU	EUR	female
NA12874	-0.0822351	Low	5.391373801916933	NA12874	CEU	EUR	male
NA12878	0.2833409	Low	18.250798722044728	NA12878	CEU	EUR	female
NA12889	0.27672429	Low	17.691693290734825	NA12889	CEU	EUR	male
NA12890	-0.1571939799999999	Low	3.674121405750799	NA12890	CEU	EUR	female
NA18486	1.1611883099999998	High	91.29392971246008	NA18486	YRI	AFR	male
NA18488	1.1027652419999998	High	86.46166134185303	NA18488	YRI	AFR	female
NA18489	0.8833454999999998	Intermediate	62.69968051118211	NA18489	YRI	AFR	female
NA18498	1.4422517000000006	High	99.4408945686901	NA18498	YRI	AFR	male
NA18499	1.45571531	High	99.56070287539936	NA18499	YRI	AFR	female
NA18501	0.93047641	Intermediate	68.49041533546327	NA18501	YRI	AFR	male
NA18502	1.154087226	High	90.6150159744409	NA18502	YRI	AFR	female
NA18504	1.068081785	High	82.98722044728434	NA18504	YRI	AFR	male
NA18505	1.47770317	High	99.68051118210862	NA18505	YRI	AFR	female
NA18507	1.2228669399999998	High	94.88817891373802	NA18507	YRI	AFR	male
NA18508	1.03834565	High	80.43130990415335	NA18508	YRI	AFR	female
NA18510	0.96718666	Intermediate	73.08306709265176	NA18510	YRI	AFR	male
NA18511	1.00067516	Intermediate	76.6373801916933	NA18511	YRI	AFR	female
NA18516	1.08097994	High	84.14536741214057	NA18516	YRI	AFR	male
NA18517	0.6790839400000002	Intermediate	42.81150159744409	NA18517	YRI	AFR	female
NA18519	1.12541132	High	88.37859424920129	NA18519	YRI	AFR	male
NA18520	1.009888648	Intermediate	77.87539936102237	NA18520	YRI	AFR	female
NA18522	1.1305282499999998	High	88.69808306709265	NA18522	YRI	AFR	male
NA18523	1.10950152	High	86.86102236421725	NA18523	YRI	AFR	female
NA18525	0.88895952	Intermediate	63.29872204472844	NA18525	CHB	EAS	female
NA18526	0.9006899800000001	Intermediate	65.01597444089457	NA18526	CHB	EAS	female
NA18528	0.8292338999999999	Intermediate	56.38977635782748	NA18528	CHB	EAS	female
NA18530	0.6732182000000001	Intermediate	42.33226837060703	NA18530	CHB	EAS	male
NA18531	1.06366068	High	82.7076677316294	NA18531	CHB	EAS	female
NA18532	0.90159723	Intermediate	65.2555910543131	NA18532	CHB	EAS	female
NA18533	0.7779604	Intermediate	51.597444089456864	NA18533	CHB	EAS	female
NA18534	1.1156877470000004	High	87.18051118210862	NA18534	CHB	EAS	male
NA18535	0.742978539	Intermediate	49.12140575079872	NA18535	CHB	EAS	female
NA18536	0.9158521400000004	Intermediate	66.7332268370607	NA18536	CHB	EAS	male
NA18537	0.939403696	Intermediate	69.56869009584665	NA18537	CHB	EAS	female
NA18538	0.8635918300000002	Intermediate	60.06389776357828	NA18538	CHB	EAS	female
NA18539	0.63101254	Intermediate	39.097444089456864	NA18539	CHB	EAS	female
NA18541	0.650906063	Intermediate	40.33546325878594	NA18541	CHB	EAS	female
NA18542	0.7381491200000001	Intermediate	48.64217252396166	NA18542	CHB	EAS	female
NA18543	0.96735975	Intermediate	73.12300319488818	NA18543	CHB	EAS	male
NA18544	1.021297503	Intermediate	79.11341853035144	NA18544	CHB	EAS	male
NA18545	0.8737251700000002	Intermediate	61.30191693290735	NA18545	CHB	EAS	female
NA18546	0.6197821399999999	Intermediate	38.29872204472844	NA18546	CHB	EAS	male
NA18547	1.25131355	High	95.72683706070288	NA18547	CHB	EAS	female
NA18548	1.2505861300000003	High	95.68690095846644	NA18548	CHB	EAS	male
NA18549	0.46193146	Intermediate	27.3961661341853	NA18549	CHB	EAS	male
NA18550	0.7927674400000001	Intermediate	52.91533546325879	NA18550	CHB	EAS	female
NA18552	0.8523564699999999	Intermediate	58.50638977635783	NA18552	CHB	EAS	female
NA18553	0.90222107	Intermediate	65.29552715654951	NA18553	CHB	EAS	female
NA18555	0.973915	Intermediate	74.12140575079871	NA18555	CHB	EAS	female
NA18557	0.89747048	Intermediate	64.37699680511182	NA18557	CHB	EAS	male
NA18558	1.1499907	High	90.21565495207668	NA18558	CHB	EAS	male
NA18559	1.5010052199999997	High	99.80031948881788	NA18559	CHB	EAS	male
NA18560	1.2176563400000002	High	94.56869009584663	NA18560	CHB	EAS	female
NA18561	0.90928836	Intermediate	66.09424920127796	NA18561	CHB	EAS	male
NA18562	0.6693267900000001	Intermediate	42.05271565495208	NA18562	CHB	EAS	male
NA18563	0.60935596	Intermediate	37.46006389776358	NA18563	CHB	EAS	male
NA18564	0.8835126200000001	Intermediate	62.73961661341853	NA18564	CHB	EAS	female
NA18565	0.98571985	Intermediate	75.15974440894568	NA18565	CHB	EAS	female
NA18566	0.7631053000000001	Intermediate	50.39936102236422	NA18566	CHB	EAS	female
NA18567	0.99095955	Intermediate	75.47923322683707	NA18567	CHB	EAS	female
NA18570	0.5668951999999999	Intermediate	33.905750798722046	NA18570	CHB	EAS	female
NA18571	1.25390769	High	95.88658146964856	NA18571	CHB	EAS	female
NA18572	0.86571991	Intermediate	60.38338658146965	NA18572	CHB	EAS	male
NA18573	0.9749548	Intermediate	74.20127795527156	NA18573	CHB	EAS	female
NA18574	0.7130304419999999	Intermediate	46.60543130990416	NA18574	CHB	EAS	female
NA18577	1.1560339700000004	High	90.73482428115015	NA18577	CHB	EAS	female
NA18579	0.69583426	Intermediate	44.40894568690096	NA18579	CHB	EAS	female
NA18582	0.7703256000000003	Intermediate	51.078274760383394	NA18582	CHB	EAS	female
NA18591	0.38957828	Intermediate	23.08306709265176	NA18591	CHB	EAS	female
NA18592	0.578562217	Intermediate	34.94408945686901	NA18592	CHB	EAS	female
NA18593	1.16641151	High	91.61341853035144	NA18593	CHB	EAS	female
NA18595	0.94561881	Intermediate	70.4073482428115	NA18595	CHB	EAS	female
NA18596	0.9596722	Intermediate	72.04472843450479	NA18596	CHB	EAS	female
NA18597	0.5657416000000001	Intermediate	33.70607028753994	NA18597	CHB	EAS	female
NA18599	0.6130866599999999	Intermediate	37.77955271565495	NA18599	CHB	EAS	female
NA18602	0.8464279069999998	Intermediate	57.90734824281149	NA18602	CHB	EAS	female
NA18603	1.08740678	High	84.86421725239617	NA18603	CHB	EAS	male
NA18605	0.6615844599999999	Intermediate	41.5335463258786	NA18605	CHB	EAS	male
NA18606	0.9919020900000002	Intermediate	75.5591054313099	NA18606	CHB	EAS	male
NA18608	1.0068427	Intermediate	77.51597444089457	NA18608	CHB	EAS	male
NA18609	1.16349381	High	91.49361022364218	NA18609	CHB	EAS	male
NA18610	1.11931365	High	87.65974440894568	NA18610	CHB	EAS	female
NA18611	0.93393806	Intermediate	68.80990415335462	NA18611	CHB	EAS	male
NA18612	1.1717021600000002	High	92.01277955271566	NA18612	CHB	EAS	male
NA18613	0.93425426	Intermediate	68.9297124600639	NA18613	CHB	EAS	male
NA18614	0.8835561200000002	Intermediate	62.77955271565495	NA18614	CHB	EAS	female
NA18615	0.7336722	Intermediate	48.12300319488818	NA18615	CHB	EAS	female
NA18616	1.3254094700000003	High	98.28274760383388	NA18616	CHB	EAS	female
NA18617	0.840187013	Intermediate	57.587859424920126	NA18617	CHB	EAS	female
NA18618	0.5110701200000001	Intermediate	29.752396166134183	NA18618	CHB	EAS	female
NA18619	0.63161322	Intermediate	39.177316293929714	NA18619	CHB	EAS	female
NA18620	1.2016299499999996	High	93.7300319488818	NA18620	CHB	EAS	male
NA18621	1.52221459	High	99.84025559105432	NA18621	CHB	EAS	male
NA18622	0.8844292700000002	Intermediate	62.89936102236422	NA18622	CHB	EAS	male
NA18623	0.7893720999999998	Intermediate	52.55591054313099	NA18623	CHB	EAS	male
NA18624	0.7769414900000002	Intermediate	51.43769968051119	NA18624	CHB	EAS	male
NA18625	1.1424447300000005	High	89.61661341853035	NA18625	CHB	EAS	female
NA18626	0.8069671600000001	Intermediate	54.03354632587859	NA18626	CHB	EAS	female
NA18627	0.7913027180000001	Intermediate	52.7555910543131	NA18627	CHB	EAS	female
NA18628	1.04327231	High	80.79073482428115	NA18628	CHB	EAS	female
NA18629	0.85032456	Intermediate	58.30670926517571	NA18629	CHB	EAS	male
NA18630	0.421450914	Intermediate	25.159744408945688	NA18630	CHB	EAS	female
NA18631	0.91497021	Intermediate	66.61341853035144	NA18631	CHB	EAS	female
NA18632	0.7407108299999999	Intermediate	48.8817891373802	NA18632	CHB	EAS	male
NA18633	1.2346444400000005	High	95.4073482428115	NA18633	CHB	EAS	male
NA18634	0.5800245700000001	Intermediate	35.063897763578275	NA18634	CHB	EAS	female
NA18635	0.8322102600000001	Intermediate	56.74920127795527	NA18635	CHB	EAS	male
NA18636	0.97560466	Intermediate	74.28115015974441	NA18636	CHB	EAS	male
NA18637	0.9980185	Intermediate	76.43769968051119	NA18637	CHB	EAS	male
NA18638	0.871542487	Intermediate	61.06230031948881	NA18638	CHB	EAS	male
NA18639	0.7767432000000001	Intermediate	51.357827476038345	NA18639	CHB	EAS	male
NA18640	0.8816307499999999	Intermediate	62.38019169329073	NA18640	CHB	EAS	female
NA18641	0.73186078	Intermediate	47.96325878594249	NA18641	CHB	EAS	female
NA18642	0.8247322399999997	Intermediate	55.870607028754	NA18642	CHB	EAS	female
NA18643	0.86806249	Intermediate	60.6629392971246	NA18643	CHB	EAS	male
NA18644	1.11753757	High	87.30031948881789	NA18644	CHB	EAS	female
NA18645	0.73427375	Intermediate	48.24281150159744	NA18645	CHB	EAS	male
NA18646	0.7960209799999999	Intermediate	53.15495207667732	NA18646	CHB	EAS	female
NA18647	0.8569880499999999	Intermediate	59.22523961661342	NA18647	CHB	EAS	male
NA18648	1.2750314799999998	High	96.56549520766772	NA18648	CHB	EAS	male
NA18740	1.0972955599999998	High	86.0223642172524	NA18740	CHB	EAS	male
NA18745	0.763962774	Intermediate	50.519169329073485	NA18745	CHB	EAS	male
NA18747	0.89080177	Intermediate	63.578274760383394	NA18747	CHB	EAS	male
NA18748	0.7895441699999999	Intermediate	52.63578274760384	NA18748	CHB	EAS	male
NA18749	0.656749616	Intermediate	40.97444089456869	NA18749	CHB	EAS	male
NA18757	0.722084203	Intermediate	47.20447284345048	NA18757	CHB	EAS	male
NA18853	1.0671952299999998	High	82.9073482428115	NA18853	YRI	AFR	male
NA18856	0.93845997	Intermediate	69.4888178913738	NA18856	YRI	AFR	male
NA18858	1.2744897500000003	High	96.52555910543131	NA18858	YRI	AFR	female
NA18861	0.86073931	Intermediate	59.78434504792333	NA18861	YRI	AFR	female
NA18864	0.8696722610000001	Intermediate	60.82268370607029	NA18864	YRI	AFR	female
NA18865	0.92983476	Intermediate	68.33067092651757	NA18865	YRI	AFR	male
NA18867	0.829760503	Intermediate	56.50958466453674	NA18867	YRI	AFR	female
NA18868	0.7241576199999998	Intermediate	47.44408945686901	NA18868	YRI	AFR	male
NA18870	0.949910082	Intermediate	70.80670926517571	NA18870	YRI	AFR	female
NA18871	1.4640289299999996	High	99.6405750798722	NA18871	YRI	AFR	male
NA18873	0.85029753	Intermediate	58.2667731629393	NA18873	YRI	AFR	female
NA18874	0.97813616	Intermediate	74.48083067092651	NA18874	YRI	AFR	male
NA18876	1.1180637000000002	High	87.46006389776358	NA18876	YRI	AFR	female
NA18877	1.2231008519999995	High	94.92811501597444	NA18877	YRI	AFR	male
NA18878	0.995808524	Intermediate	76.1182108626198	NA18878	YRI	AFR	female
NA18879	0.9274776300000002	Intermediate	68.05111821086261	NA18879	YRI	AFR	male
NA18881	0.933406582	Intermediate	68.73003194888179	NA18881	YRI	AFR	female
NA18907	1.1946575899999998	High	93.25079872204472	NA18907	YRI	AFR	female
NA18908	1.3004705599999995	High	97.56389776357828	NA18908	YRI	AFR	male
NA18909	1.20556302	High	93.88977635782749	NA18909	YRI	AFR	female
NA18910	0.8269282500000001	Intermediate	56.19009584664537	NA18910	YRI	AFR	male
NA18912	0.8828961000000002	Intermediate	62.539936102236425	NA18912	YRI	AFR	female
NA18915	1.1904435599999998	High	93.0511182108626	NA18915	YRI	AFR	male
NA18916	1.08323642	High	84.46485623003196	NA18916	YRI	AFR	female
NA18917	1.03317737	Intermediate	79.91214057507987	NA18917	YRI	AFR	male
NA18923	1.0888017900000004	High	85.06389776357828	NA18923	YRI	AFR	male
NA18924	0.8765778	Intermediate	61.70127795527157	NA18924	YRI	AFR	female
NA18933	1.2246309249999998	High	95.0479233226837	NA18933	YRI	AFR	female
NA18934	1.16932744	High	91.77316293929712	NA18934	YRI	AFR	male
NA18939	0.6965300499999999	Intermediate	44.56869009584665	NA18939	JPT	EAS	female
NA18940	1.47886564	High	99.72044728434504	NA18940	JPT	EAS	male
NA18941	0.8128835	Intermediate	54.83226837060703	NA18941	JPT	EAS	female
NA18942	0.7024930899999999	Intermediate	45.32747603833866	NA18942	JPT	EAS	female
NA18943	0.8830338761300001	Intermediate	62.57987220447284	NA18943	JPT	EAS	male
NA18944	0.70775144	Intermediate	46.126198083067095	NA18944	JPT	EAS	male
NA18945	0.5170865700000001	Intermediate	30.23162939297125	NA18945	JPT	EAS	male
NA18946	0.8531941000000001	Intermediate	58.626198083067095	NA18946	JPT	EAS	female
NA18947	0.90515031	Intermediate	65.6150159744409	NA18947	JPT	EAS	female
NA18948	1.12362916	High	88.13897763578275	NA18948	JPT	EAS	male
NA18949	0.72112935	Intermediate	47.004792332268366	NA18949	JPT	EAS	female
NA18950	1.1843043199999996	High	92.77156549520768	NA18950	JPT	EAS	female
NA18951	0.8841730900000001	Intermediate	62.819488817891376	NA18951	JPT	EAS	female
NA18952	1.1232726000000004	High	88.09904153354633	NA18952	JPT	EAS	male
NA18953	0.69961364	Intermediate	45.00798722044728	NA18953	JPT	EAS	male
NA18954	0.8101687400000002	Intermediate	54.47284345047924	NA18954	JPT	EAS	female
NA18956	0.6975218799999999	Intermediate	44.808306709265175	NA18956	JPT	EAS	female
NA18957	0.6591999799999999	Intermediate	41.094249201277954	NA18957	JPT	EAS	female
NA18959	1.05822062	High	82.26837060702876	NA18959	JPT	EAS	male
NA18960	0.57679728	Intermediate	34.784345047923324	NA18960	JPT	EAS	male
NA18961	1.03389542	High	80.07188498402556	NA18961	JPT	EAS	male
NA18962	0.7074413	Intermediate	46.00638977635783	NA18962	JPT	EAS	male
NA18963	1.1619885	High	91.3738019169329	NA18963	JPT	EAS	female
NA18964	0.935160449	Intermediate	69.04952076677317	NA18964	JPT	EAS	female
NA18965	1.02593627	Intermediate	79.43290734824281	NA18965	JPT	EAS	male
NA18966	0.9599903200000004	Intermediate	72.12460063897763	NA18966	JPT	EAS	male
NA18967	0.96770635	Intermediate	73.24281150159744	NA18967	JPT	EAS	male
NA18968	0.7761308399999998	Intermediate	51.2779552715655	NA18968	JPT	EAS	female
NA18969	0.5221460699999999	Intermediate	30.431309904153352	NA18969	JPT	EAS	female
NA18970	0.5724580100000001	Intermediate	34.42492012779553	NA18970	JPT	EAS	male
NA18971	0.92415484	Intermediate	67.81150159744409	NA18971	JPT	EAS	male
NA18972	0.8159625000000001	Intermediate	54.9520766773163	NA18972	JPT	EAS	female
NA18973	0.4852048099999999	Intermediate	28.314696485623003	NA18973	JPT	EAS	female
NA18974	0.864820725	Intermediate	60.22364217252396	NA18974	JPT	EAS	male
NA18975	0.93814561	Intermediate	69.44888178913739	NA18975	JPT	EAS	female
NA18976	1.21158572	High	94.20926517571884	NA18976	JPT	EAS	female
NA18977	1.14381707	High	89.65654952076677	NA18977	JPT	EAS	male
NA18978	1.2752117339999998	High	96.60543130990416	NA18978	JPT	EAS	female
NA18979	0.80860408	Intermediate	54.353035143769965	NA18979	JPT	EAS	female
NA18980	1.0964454950000002	High	85.94249201277955	NA18980	JPT	EAS	female
NA18981	1.06626918	High	82.82747603833866	NA18981	JPT	EAS	female
NA18982	0.9887965	Intermediate	75.31948881789138	NA18982	JPT	EAS	male
NA18983	1.2759915202999998	High	96.685303514377	NA18983	JPT	EAS	male
NA18984	0.7084939799999999	Intermediate	46.20607028753994	NA18984	JPT	EAS	male
NA18985	0.96674091	Intermediate	73.00319488817891	NA18985	JPT	EAS	male
NA18986	1.2912113300000003	High	97.32428115015976	NA18986	JPT	EAS	male
NA18987	0.873716347	Intermediate	61.26198083067093	NA18987	JPT	EAS	female
NA18988	0.97754539	Intermediate	74.4408945686901	NA18988	JPT	EAS	male
NA18989	1.1554792400000002	High	90.69488817891371	NA18989	JPT	EAS	male
NA18990	1.3265309999999997	High	98.3626198083067	NA18990	JPT	EAS	male
NA18991	0.8954100999999998	Intermediate	64.09744408945687	NA18991	JPT	EAS	female
NA18992	0.391789858	Intermediate	23.202875399361023	NA18992	JPT	EAS	female
NA18993	0.69744333	Intermediate	44.76837060702875	NA18993	JPT	EAS	female
NA18994	0.589717378	Intermediate	35.822683706070286	NA18994	JPT	EAS	male
NA18995	1.2146382900000003	High	94.36900958466452	NA18995	JPT	EAS	male
NA18997	0.693658585	Intermediate	44.24920127795527	NA18997	JPT	EAS	female
NA18998	0.27927503	Low	17.811501597444092	NA18998	JPT	EAS	female
NA18999	0.7222893399999999	Intermediate	47.32428115015975	NA18999	JPT	EAS	female
NA19000	1.0436686000000002	High	80.91054313099042	NA19000	JPT	EAS	male
NA19001	0.7371629	Intermediate	48.5223642172524	NA19001	JPT	EAS	female
NA19002	0.7606949300000001	Intermediate	50.27955271565495	NA19002	JPT	EAS	female
NA19003	0.7222064000000001	Intermediate	47.28434504792333	NA19003	JPT	EAS	female
NA19004	0.8691848000000001	Intermediate	60.78274760383386	NA19004	JPT	EAS	male
NA19005	1.2525432147	High	95.80670926517573	NA19005	JPT	EAS	male
NA19006	1.03790737	High	80.3514376996805	NA19006	JPT	EAS	male
NA19007	1.0446001339999995	High	81.03035143769968	NA19007	JPT	EAS	male
NA19009	0.933661	Intermediate	68.76996805111821	NA19009	JPT	EAS	male
NA19010	0.6593003000000001	Intermediate	41.13418530351438	NA19010	JPT	EAS	female
NA19011	0.8850986600000001	Intermediate	62.97923322683706	NA19011	JPT	EAS	female
NA19012	1.04277111	High	80.75079872204472	NA19012	JPT	EAS	male
NA19017	1.197783937	High	93.5702875399361	NA19017	LWK	AFR	female
NA19019	1.177812115	High	92.33226837060704	NA19019	LWK	AFR	female
NA19020	0.8062232599999999	Intermediate	53.95367412140575	NA19020	LWK	AFR	male
NA19023	1.0627376700000002	High	82.62779552715655	NA19023	LWK	AFR	female
NA19024	1.156282042	High	90.77476038338658	NA19024	LWK	AFR	female
NA19025	1.0915904300000003	High	85.3035143769968	NA19025	LWK	AFR	male
NA19026	0.9472887999999998	Intermediate	70.6070287539936	NA19026	LWK	AFR	male
NA19027	0.48684915	Intermediate	28.354632587859424	NA19027	LWK	AFR	male
NA19028	1.27362246	High	96.48562300319487	NA19028	LWK	AFR	male
NA19030	0.7921826700000002	Intermediate	52.83546325878594	NA19030	LWK	AFR	female
NA19031	1.171798136	High	92.05271565495208	NA19031	LWK	AFR	male
NA19035	1.18401989	High	92.73162939297124	NA19035	LWK	AFR	male
NA19036	0.957275531	Intermediate	71.72523961661342	NA19036	LWK	AFR	female
NA19037	0.71248113	Intermediate	46.48562300319489	NA19037	LWK	AFR	female
NA19038	0.96605211	Intermediate	72.9632587859425	NA19038	LWK	AFR	female
NA19041	0.97165434	Intermediate	73.68210862619809	NA19041	LWK	AFR	male
NA19042	0.87557997	Intermediate	61.58146964856231	NA19042	LWK	AFR	female
NA19043	1.2531370200000005	High	95.84664536741214	NA19043	LWK	AFR	male
NA19054	1.0414438999999998	High	80.55111821086261	NA19054	JPT	EAS	female
NA19055	0.96251026	Intermediate	72.64376996805112	NA19055	JPT	EAS	male
NA19056	0.96071467	Intermediate	72.2444089456869	NA19056	JPT	EAS	male
NA19057	0.80783683	Intermediate	54.2332268370607	NA19057	JPT	EAS	female
NA19058	0.9269576	Intermediate	67.97124600638978	NA19058	JPT	EAS	male
NA19059	1.0613582500000005	High	82.50798722044729	NA19059	JPT	EAS	female
NA19060	0.7701996769999999	Intermediate	51.03833865814696	NA19060	JPT	EAS	male
NA19062	0.5968570000000001	Intermediate	36.42172523961661	NA19062	JPT	EAS	male
NA19063	1.1416969200000002	High	89.49680511182109	NA19063	JPT	EAS	male
NA19064	0.834811414	Intermediate	56.9888178913738	NA19064	JPT	EAS	female
NA19065	0.5443453100000001	Intermediate	32.42811501597444	NA19065	JPT	EAS	female
NA19066	0.9847299859999998	Intermediate	74.92012779552716	NA19066	JPT	EAS	male
NA19067	0.7069796549999999	Intermediate	45.926517571884986	NA19067	JPT	EAS	male
NA19068	1.04529203	High	81.0702875399361	NA19068	JPT	EAS	male
NA19070	0.936393841	Intermediate	69.16932907348243	NA19070	JPT	EAS	male
NA19072	0.63926499	Intermediate	39.376996805111816	NA19072	JPT	EAS	male
NA19074	0.8221183600000003	Intermediate	55.47124600638978	NA19074	JPT	EAS	female
NA19075	1.0653175800000003	High	82.78753993610223	NA19075	JPT	EAS	male
NA19076	1.4368356	High	99.36102236421723	NA19076	JPT	EAS	male
NA19077	0.5734093299999998	Intermediate	34.54472843450479	NA19077	JPT	EAS	female
NA19078	1.08860527	High	84.98402555910543	NA19078	JPT	EAS	female
NA19079	1.1448389099999998	High	89.73642172523961	NA19079	JPT	EAS	male
NA19080	0.8644873769999999	Intermediate	60.183706070287535	NA19080	JPT	EAS	female
NA19081	0.998792987	Intermediate	76.55750798722045	NA19081	JPT	EAS	female
NA19082	0.936432724	Intermediate	69.20926517571885	NA19082	JPT	EAS	male
NA19083	1.00429322	Intermediate	77.11661341853035	NA19083	JPT	EAS	male
NA19084	0.5267454060000001	Intermediate	30.910543130990416	NA19084	JPT	EAS	female
NA19085	0.9572176	Intermediate	71.685303514377	NA19085	JPT	EAS	male
NA19086	0.7461371300000003	Intermediate	49.32108626198083	NA19086	JPT	EAS	male
NA19087	0.89368527	Intermediate	63.89776357827476	NA19087	JPT	EAS	female
NA19088	0.99331759	Intermediate	75.83865814696486	NA19088	JPT	EAS	male
NA19089	0.929795	Intermediate	68.29073482428115	NA19089	JPT	EAS	male
NA19090	1.00595406	Intermediate	77.27635782747603	NA19090	JPT	EAS	female
NA19091	0.7076425000000001	Intermediate	46.08626198083067	NA19091	JPT	EAS	male
NA19092	1.1673934	High	91.65335463258786	NA19092	YRI	AFR	male
NA19093	1.2338330400000002	High	95.36741214057508	NA19093	YRI	AFR	female
NA19095	0.94640483	Intermediate	70.52715654952077	NA19095	YRI	AFR	female
NA19096	1.30681652	High	97.68370607028754	NA19096	YRI	AFR	male
NA19098	0.94586825	Intermediate	70.48722044728434	NA19098	YRI	AFR	male
NA19099	1.1212851300000004	High	87.81948881789138	NA19099	YRI	AFR	female
NA19102	1.1700777399999998	High	91.85303514376996	NA19102	YRI	AFR	female
NA19107	1.00966828	Intermediate	77.83546325878594	NA19107	YRI	AFR	male
NA19108	0.8545872600000002	Intermediate	58.8258785942492	NA19108	YRI	AFR	female
NA19113	1.09069764	High	85.26357827476039	NA19113	YRI	AFR	male
NA19114	0.93922309	Intermediate	69.52875399361022	NA19114	YRI	AFR	female
NA19116	1.15956676	High	91.05431309904152	NA19116	YRI	AFR	female
NA19117	1.1121325199999998	High	87.06070287539937	NA19117	YRI	AFR	male
NA19118	1.228742978	High	95.2076677316294	NA19118	YRI	AFR	female
NA19119	1.05975052	High	82.38817891373802	NA19119	YRI	AFR	male
NA19121	1.2260739900000002	High	95.12779552715656	NA19121	YRI	AFR	male
NA19129	1.1510884699999997	High	90.41533546325878	NA19129	YRI	AFR	female
NA19130	0.9993659750000004	Intermediate	76.59744408945687	NA19130	YRI	AFR	male
NA19131	1.1923511600000003	High	93.17092651757189	NA19131	YRI	AFR	female
NA19137	0.66909132	Intermediate	41.97284345047924	NA19137	YRI	AFR	female
NA19138	0.861928865	Intermediate	59.82428115015974	NA19138	YRI	AFR	male
NA19141	0.9669059009999998	Intermediate	73.04313099041534	NA19141	YRI	AFR	male
NA19143	1.2143417299999997	High	94.32907348242811	NA19143	YRI	AFR	female
NA19144	0.94425217	Intermediate	70.16773162939297	NA19144	YRI	AFR	male
NA19146	1.2196339900000002	High	94.68849840255592	NA19146	YRI	AFR	male
NA19147	0.8213450300000001	Intermediate	55.43130990415336	NA19147	YRI	AFR	female
NA19149	0.8969663299999999	Intermediate	64.3370607028754	NA19149	YRI	AFR	female
NA19152	1.0176278	Intermediate	78.51437699680511	NA19152	YRI	AFR	female
NA19153	0.7051034599999999	Intermediate	45.68690095846645	NA19153	YRI	AFR	male
NA19159	1.095503278	High	85.78274760383387	NA19159	YRI	AFR	female
NA19160	0.96177123	Intermediate	72.52396166134186	NA19160	YRI	AFR	male
NA19171	1.03822591	High	80.39137380191693	NA19171	YRI	AFR	male
NA19172	1.3166147200000002	High	98.08306709265176	NA19172	YRI	AFR	female
NA19175	0.9718134199999998	Intermediate	73.76198083067092	NA19175	YRI	AFR	male
NA19184	1.05467751	High	81.94888178913739	NA19184	YRI	AFR	male
NA19185	1.1395306200000002	High	89.3370607028754	NA19185	YRI	AFR	female
NA19189	0.6075065	Intermediate	37.30031948881789	NA19189	YRI	AFR	male
NA19190	1.1392426010000003	High	89.29712460063898	NA19190	YRI	AFR	female
NA19197	0.8057210200000001	Intermediate	53.873801916932905	NA19197	YRI	AFR	female
NA19198	0.99232097	Intermediate	75.63897763578275	NA19198	YRI	AFR	male
NA19200	1.0817483200000002	High	84.26517571884983	NA19200	YRI	AFR	male
NA19201	0.808339557	Intermediate	54.31309904153354	NA19201	YRI	AFR	female
NA19204	1.3510642600000002	High	98.60223642172524	NA19204	YRI	AFR	female
NA19206	0.75168577	Intermediate	49.680511182108624	NA19206	YRI	AFR	female
NA19207	1.0971837429999998	High	85.98242811501598	NA19207	YRI	AFR	male
NA19209	0.979177051	Intermediate	74.68051118210862	NA19209	YRI	AFR	female
NA19210	1.22330913	High	94.96805111821088	NA19210	YRI	AFR	male
NA19213	0.8011643449999999	Intermediate	53.47444089456869	NA19213	YRI	AFR	male
NA19214	0.93255884	Intermediate	68.5702875399361	NA19214	YRI	AFR	female
NA19222	1.0122165	Intermediate	78.15495207667732	NA19222	YRI	AFR	female
NA19223	1.1675325299999997	High	91.69329073482427	NA19223	YRI	AFR	male
NA19225	1.4476942	High	99.52076677316292	NA19225	YRI	AFR	female
NA19235	1.01108586	Intermediate	77.95527156549521	NA19235	YRI	AFR	female
NA19236	1.1703225999999998	High	91.9329073482428	NA19236	YRI	AFR	male
NA19238	1.109587062	High	86.90095846645367	NA19238	YRI	AFR	female
NA19239	1.0636405400000002	High	82.66773162939297	NA19239	YRI	AFR	male
NA19247	1.32622234	High	98.3226837060703	NA19247	YRI	AFR	female
NA19248	1.3430613500000002	High	98.5223642172524	NA19248	YRI	AFR	male
NA19256	1.18056521	High	92.49201277955272	NA19256	YRI	AFR	male
NA19257	1.2897231999999998	High	97.28434504792332	NA19257	YRI	AFR	female
NA19307	0.8557481599999999	Intermediate	59.02555910543131	NA19307	LWK	AFR	male
NA19308	0.7790292080000001	Intermediate	51.71725239616614	NA19308	LWK	AFR	male
NA19309	0.95325895	Intermediate	71.20607028753993	NA19309	LWK	AFR	male
NA19310	1.3623986200000002	High	98.7220447284345	NA19310	LWK	AFR	female
NA19312	0.957756	Intermediate	71.76517571884983	NA19312	LWK	AFR	male
NA19314	1.0339202	High	80.15175718849841	NA19314	LWK	AFR	female
NA19315	0.8558502100000001	Intermediate	59.06549520766773	NA19315	LWK	AFR	female
NA19316	0.97621982	Intermediate	74.32108626198082	NA19316	LWK	AFR	female
NA19317	0.929904	Intermediate	68.370607028754	NA19317	LWK	AFR	male
NA19318	0.8625622500000004	Intermediate	59.94408945686901	NA19318	LWK	AFR	male
NA19319	0.9453965140000002	Intermediate	70.36741214057508	NA19319	LWK	AFR	male
NA19320	0.7957607199999999	Intermediate	53.115015974440894	NA19320	LWK	AFR	female
NA19321	0.8990305599999998	Intermediate	64.73642172523961	NA19321	LWK	AFR	female
NA19323	1.00906756	Intermediate	77.71565495207668	NA19323	LWK	AFR	female
NA19324	1.094021732	High	85.58306709265176	NA19324	LWK	AFR	female
NA19327	1.1278815799999995	High	88.5782747603834	NA19327	LWK	AFR	female
NA19328	1.05231541	High	81.74920127795528	NA19328	LWK	AFR	female
NA19331	0.8508682559999999	Intermediate	58.38658146964856	NA19331	LWK	AFR	male
NA19332	1.1510034999999998	High	90.33546325878594	NA19332	LWK	AFR	female
NA19334	0.9606182000000002	Intermediate	72.20447284345049	NA19334	LWK	AFR	male
NA19338	0.9010382	Intermediate	65.09584664536742	NA19338	LWK	AFR	female
NA19346	1.2801374279999995	High	96.84504792332268	NA19346	LWK	AFR	male
NA19347	1.0953241699999998	High	85.70287539936102	NA19347	LWK	AFR	male
NA19350	0.8870796000000001	Intermediate	63.0591054313099	NA19350	LWK	AFR	male
NA19351	0.8823653989999999	Intermediate	62.5	NA19351	LWK	AFR	female
NA19355	0.9493279916	Intermediate	70.7667731629393	NA19355	LWK	AFR	female
NA19360	1.1179619100000002	High	87.42012779552716	NA19360	LWK	AFR	male
NA19372	1.1265555800000002	High	88.45846645367412	NA19372	LWK	AFR	male
NA19374	0.99151265	Intermediate	75.51916932907349	NA19374	LWK	AFR	male
NA19375	0.905667567	Intermediate	65.65495207667732	NA19375	LWK	AFR	male
NA19376	0.8476139999999999	Intermediate	58.02715654952076	NA19376	LWK	AFR	male
NA19377	0.57360366	Intermediate	34.62460063897764	NA19377	LWK	AFR	female
NA19378	0.9767880699999998	Intermediate	74.40095846645367	NA19378	LWK	AFR	female
NA19379	1.3738843920000003	High	98.8817891373802	NA19379	LWK	AFR	female
NA19380	0.9090668080000002	Intermediate	66.01437699680511	NA19380	LWK	AFR	male
NA19383	1.41279275	High	99.16134185303514	NA19383	LWK	AFR	male
NA19384	1.2184608389999998	High	94.60862619808309	NA19384	LWK	AFR	male
NA19385	0.9874259	Intermediate	75.27955271565496	NA19385	LWK	AFR	male
NA19390	1.14806098	High	89.97603833865814	NA19390	LWK	AFR	female
NA19391	1.02104912	Intermediate	79.03354632587859	NA19391	LWK	AFR	female
NA19393	1.0198814599999997	Intermediate	78.75399361022363	NA19393	LWK	AFR	male
NA19394	0.84868841	Intermediate	58.14696485623004	NA19394	LWK	AFR	male
NA19395	0.936622287	Intermediate	69.24920127795528	NA19395	LWK	AFR	female
NA19397	1.1915373299999998	High	93.09105431309904	NA19397	LWK	AFR	male
NA19399	1.149996457	High	90.2555910543131	NA19399	LWK	AFR	female
NA19401	0.8204097799999999	Intermediate	55.31150159744409	NA19401	LWK	AFR	female
NA19403	1.002473136	Intermediate	76.87699680511182	NA19403	LWK	AFR	female
NA19404	0.9004939800000001	Intermediate	64.97603833865814	NA19404	LWK	AFR	female
NA19428	1.1101236999999995	High	86.9408945686901	NA19428	LWK	AFR	male
NA19429	0.8870796199999998	Intermediate	63.09904153354633	NA19429	LWK	AFR	male
NA19430	1.02805578	Intermediate	79.63258785942492	NA19430	LWK	AFR	male
NA19431	0.879651722	Intermediate	61.98083067092652	NA19431	LWK	AFR	female
NA19434	1.13180578	High	88.81789137380191	NA19434	LWK	AFR	female
NA19435	1.09542185	High	85.74281150159744	NA19435	LWK	AFR	female
NA19436	1.1970606	High	93.45047923322684	NA19436	LWK	AFR	female
NA19437	0.94569622	Intermediate	70.44728434504792	NA19437	LWK	AFR	female
NA19438	0.92055284	Intermediate	67.37220447284345	NA19438	LWK	AFR	female
NA19439	0.95834265	Intermediate	71.8849840255591	NA19439	LWK	AFR	female
NA19440	1.1823392	High	92.6517571884984	NA19440	LWK	AFR	female
NA19443	1.2622654399999995	High	96.04632587859425	NA19443	LWK	AFR	male
NA19445	1.08155982	High	84.22523961661342	NA19445	LWK	AFR	female
NA19446	0.8549081199999999	Intermediate	58.905750798722046	NA19446	LWK	AFR	female
NA19448	1.098550605	High	86.06230031948881	NA19448	LWK	AFR	male
NA19449	1.10236053	High	86.4217252396166	NA19449	LWK	AFR	female
NA19451	1.10728681	High	86.66134185303514	NA19451	LWK	AFR	male
NA19452	0.9655088900000002	Intermediate	72.88338658146965	NA19452	LWK	AFR	male
NA19454	0.8397092300000001	Intermediate	57.50798722044729	NA19454	LWK	AFR	male
NA19455	0.70034281	Intermediate	45.16773162939297	NA19455	LWK	AFR	male
NA19456	0.91371388	Intermediate	66.53354632587859	NA19456	LWK	AFR	female
NA19457	1.0332825	Intermediate	79.9520766773163	NA19457	LWK	AFR	female
NA19461	0.6487459700000002	Intermediate	40.13578274760384	NA19461	LWK	AFR	male
NA19462	0.7965456799999999	Intermediate	53.23482428115016	NA19462	LWK	AFR	female
NA19463	0.6049069999999998	Intermediate	37.10063897763578	NA19463	LWK	AFR	female
NA19466	1.1974255300000003	High	93.49041533546328	NA19466	LWK	AFR	male
NA19467	0.69373049	Intermediate	44.2891373801917	NA19467	LWK	AFR	female
NA19468	0.98898846	Intermediate	75.3594249201278	NA19468	LWK	AFR	female
NA19471	1.1238086399999998	High	88.25878594249201	NA19471	LWK	AFR	female
NA19472	0.87948787	Intermediate	61.9408945686901	NA19472	LWK	AFR	female
NA19473	1.09329464	High	85.42332268370608	NA19473	LWK	AFR	female
NA19474	1.15189392	High	90.49520766773162	NA19474	LWK	AFR	female
NA19475	1.09445368	High	85.6629392971246	NA19475	LWK	AFR	female
NA19625	1.0403448000000002	High	80.5111821086262	NA19625	ASW	AFR	female
NA19648	0.138671795	Low	12.220447284345047	NA19648	MXL	AMR	female
NA19649	-0.050125459	Low	6.190095846645368	NA19649	MXL	AMR	male
NA19651	0.19632845	Low	14.456869009584665	NA19651	MXL	AMR	female
NA19652	0.01265275	Low	8.067092651757187	NA19652	MXL	AMR	male
NA19654	0.92180045	Intermediate	67.49201277955271	NA19654	MXL	AMR	female
NA19655	0.41208435	Intermediate	24.72044728434505	NA19655	MXL	AMR	male
NA19657	0.5645702100000001	Intermediate	33.54632587859425	NA19657	MXL	AMR	female
NA19658	0.602199759	Intermediate	36.781150159744406	NA19658	MXL	AMR	male
NA19661	0.6157322399999999	Intermediate	37.97923322683706	NA19661	MXL	AMR	male
NA19663	0.8739762100000001	Intermediate	61.3817891373802	NA19663	MXL	AMR	female
NA19664	0.87924338	Intermediate	61.90095846645367	NA19664	MXL	AMR	male
NA19669	0.45213206	Intermediate	26.916932907348247	NA19669	MXL	AMR	female
NA19670	0.5093727299999999	Intermediate	29.63258785942492	NA19670	MXL	AMR	male
NA19676	0.4555071999999999	Intermediate	27.15654952076677	NA19676	MXL	AMR	male
NA19678	0.3807286671	Intermediate	22.683706070287545	NA19678	MXL	AMR	female
NA19679	-0.024781664	Low	6.7092651757188495	NA19679	MXL	AMR	male
NA19681	0.75788702	Intermediate	50.07987220447284	NA19681	MXL	AMR	female
NA19682	0.8263324200000002	Intermediate	56.11022364217252	NA19682	MXL	AMR	male
NA19684	0.4888495826	Intermediate	28.434504792332262	NA19684	MXL	AMR	female
NA19700	1.1703210300000002	High	91.8929712460064	NA19700	ASW	AFR	male
NA19701	1.283053833	High	97.0447284345048	NA19701	ASW	AFR	female
NA19703	1.0729532199999998	High	83.54632587859425	NA19703	ASW	AFR	male
NA19704	1.06886922	High	83.14696485623003	NA19704	ASW	AFR	female
NA19707	0.8957918500000001	Intermediate	64.1773162939297	NA19707	ASW	AFR	female
NA19711	1.0928951619999998	High	85.38338658146965	NA19711	ASW	AFR	male
NA19712	0.87007362	Intermediate	60.942492012779546	NA19712	ASW	AFR	female
NA19713	0.6115224399999998	Intermediate	37.69968051118211	NA19713	ASW	AFR	female
NA19716	0.5165081899999999	Intermediate	30.191693290734825	NA19716	MXL	AMR	female
NA19717	0.6923297436799999	Intermediate	44.16932907348243	NA19717	MXL	AMR	male
NA19719	0.7349728300000001	Intermediate	48.36261980830671	NA19719	MXL	AMR	female
NA19720	0.7693480959999996	Intermediate	50.99840255591054	NA19720	MXL	AMR	male
NA19722	0.607758339	Intermediate	37.34025559105431	NA19722	MXL	AMR	female
NA19723	0.6067527030000001	Intermediate	37.180511182108624	NA19723	MXL	AMR	male
NA19725	0.8660510700000001	Intermediate	60.42332268370607	NA19725	MXL	AMR	female
NA19726	1.019724269	Intermediate	78.71405750798722	NA19726	MXL	AMR	male
NA19728	0.8755295500000001	Intermediate	61.54153354632588	NA19728	MXL	AMR	female
NA19729	1.10028465	High	86.2220447284345	NA19729	MXL	AMR	male
NA19731	0.9405761500000002	Intermediate	69.68849840255591	NA19731	MXL	AMR	female
NA19732	0.9584450199999998	Intermediate	71.92492012779552	NA19732	MXL	AMR	male
NA19734	1.2485286999999998	High	95.5670926517572	NA19734	MXL	AMR	female
NA19735	1.0599607300000002	High	82.42811501597444	NA19735	MXL	AMR	male
NA19740	0.751406682	Intermediate	49.64057507987221	NA19740	MXL	AMR	female
NA19741	0.5826567200000001	Intermediate	35.263578274760384	NA19741	MXL	AMR	male
NA19746	0.86997209	Intermediate	60.902555910543136	NA19746	MXL	AMR	female
NA19747	0.435348188	Intermediate	25.878594249201274	NA19747	MXL	AMR	male
NA19749	0.6604180219999999	Intermediate	41.373801916932905	NA19749	MXL	AMR	female
NA19750	0.5562635829999999	Intermediate	33.06709265175719	NA19750	MXL	AMR	male
NA19752	0.69024256	Intermediate	43.9297124600639	NA19752	MXL	AMR	female
NA19755	0.90881898	Intermediate	65.97444089456869	NA19755	MXL	AMR	female
NA19756	0.55700746	Intermediate	33.10702875399361	NA19756	MXL	AMR	male
NA19758	0.7874257	Intermediate	52.436102236421725	NA19758	MXL	AMR	female
NA19759	0.88161779	Intermediate	62.34025559105432	NA19759	MXL	AMR	male
NA19761	1.28631782	High	97.16453674121406	NA19761	MXL	AMR	female
NA19762	0.531472698	Intermediate	31.150159744408946	NA19762	MXL	AMR	male
NA19764	0.3339032999999999	Intermediate	20.487220447284347	NA19764	MXL	AMR	female
NA19770	0.7306621520000001	Intermediate	47.843450479233226	NA19770	MXL	AMR	female
NA19771	0.6199437499999999	Intermediate	38.33865814696485	NA19771	MXL	AMR	male
NA19773	0.5894180623999999	Intermediate	35.742811501597444	NA19773	MXL	AMR	female
NA19774	1.10199681	High	86.30191693290735	NA19774	MXL	AMR	male
NA19776	0.8381727999999999	Intermediate	57.26837060702875	NA19776	MXL	AMR	female
NA19777	0.7724816400000001	Intermediate	51.23801916932907	NA19777	MXL	AMR	male
NA19779	0.2373378799999999	Low	15.934504792332268	NA19779	MXL	AMR	female
NA19780	0.5936741799999999	Intermediate	36.102236421725244	NA19780	MXL	AMR	male
NA19782	0.93801586	Intermediate	69.40894568690096	NA19782	MXL	AMR	female
NA19783	0.7560889699999999	Intermediate	49.92012779552716	NA19783	MXL	AMR	male
NA19785	1.16081388	High	91.21405750798722	NA19785	MXL	AMR	female
NA19786	0.60732303	Intermediate	37.22044728434505	NA19786	MXL	AMR	male
NA19788	0.8295453799999999	Intermediate	56.4297124600639	NA19788	MXL	AMR	female
NA19789	0.69101685	Intermediate	44.08945686900959	NA19789	MXL	AMR	male
NA19792	0.38148051	Intermediate	22.76357827476038	NA19792	MXL	AMR	male
NA19794	0.7444976930000001	Intermediate	49.20127795527157	NA19794	MXL	AMR	female
NA19795	0.70119527	Intermediate	45.24760383386581	NA19795	MXL	AMR	male
NA19818	0.7100538500000002	Intermediate	46.36581469648562	NA19818	ASW	AFR	male
NA19819	0.8686942499999999	Intermediate	60.70287539936102	NA19819	ASW	AFR	female
NA19834	0.7408203200000002	Intermediate	48.92172523961661	NA19834	ASW	AFR	male
NA19835	0.92368351	Intermediate	67.73162939297124	NA19835	ASW	AFR	female
NA19900	0.66647963	Intermediate	41.89297124600639	NA19900	ASW	AFR	male
NA19901	0.99730289	Intermediate	76.2779552715655	NA19901	ASW	AFR	female
NA19904	1.06209508	High	82.58785942492013	NA19904	ASW	AFR	male
NA19908	0.5266699900000001	Intermediate	30.830670926517573	NA19908	ASW	AFR	male
NA19909	1.1949492800000003	High	93.33067092651756	NA19909	ASW	AFR	female
NA19913	0.6874739000000001	Intermediate	43.69009584664536	NA19913	ASW	AFR	female
NA19914	1.04898804	High	81.50958466453673	NA19914	ASW	AFR	female
NA19916	0.99862607	Intermediate	76.51757188498402	NA19916	ASW	AFR	male
NA19917	0.8329312120000001	Intermediate	56.82907348242812	NA19917	ASW	AFR	female
NA19920	0.8027103906	Intermediate	53.63418530351438	NA19920	ASW	AFR	male
NA19921	0.7913749600000001	Intermediate	52.79552715654952	NA19921	ASW	AFR	female
NA19922	0.396032911	Intermediate	23.56230031948882	NA19922	ASW	AFR	male
NA19923	0.3289365589999999	Intermediate	20.207667731629392	NA19923	ASW	AFR	female
NA19982	1.0507117700000002	High	81.629392971246	NA19982	ASW	AFR	male
NA19984	0.97340254	Intermediate	74.04153354632588	NA19984	ASW	AFR	male
NA20126	0.5526848360000001	Intermediate	32.867412140575084	NA20126	ASW	AFR	male
NA20127	0.960874715	Intermediate	72.36421725239617	NA20127	ASW	AFR	female
NA20274	1.33932503	High	98.48242811501598	NA20274	ASW	AFR	female
NA20276	0.94472753	Intermediate	70.28753993610223	NA20276	ASW	AFR	female
NA20278	0.34432302	Intermediate	21.00638977635783	NA20278	ASW	AFR	male
NA20281	0.94280549	Intermediate	70.00798722044729	NA20281	ASW	AFR	male
NA20282	0.74980138	Intermediate	49.52076677316294	NA20282	ASW	AFR	female
NA20287	1.276021453	High	96.72523961661342	NA20287	ASW	AFR	female
NA20289	1.0465242600000002	High	81.30990415335462	NA20289	ASW	AFR	female
NA20291	0.859086026	Intermediate	59.66453674121406	NA20291	ASW	AFR	male
NA20294	0.6895502	Intermediate	43.80990415335464	NA20294	ASW	AFR	female
NA20296	0.96571895	Intermediate	72.92332268370608	NA20296	ASW	AFR	female
NA20298	0.83743249	Intermediate	57.1485623003195	NA20298	ASW	AFR	male
NA20299	0.83018085	Intermediate	56.54952076677316	NA20299	ASW	AFR	female
NA20314	0.3345869200000001	Intermediate	20.527156549520768	NA20314	ASW	AFR	female
NA20317	0.663510088	Intermediate	41.653354632587856	NA20317	ASW	AFR	female
NA20318	0.660962878	Intermediate	41.45367412140575	NA20318	ASW	AFR	male
NA20320	0.92421417	Intermediate	67.8514376996805	NA20320	ASW	AFR	female
NA20321	0.8895313100000003	Intermediate	63.37859424920128	NA20321	ASW	AFR	female
NA20332	0.7102126329	Intermediate	46.405750798722046	NA20332	ASW	AFR	female
NA20334	0.7282424300000001	Intermediate	47.72364217252396	NA20334	ASW	AFR	female
NA20339	1.0308342600000004	Intermediate	79.71246006389777	NA20339	ASW	AFR	female
NA20340	1.2825548700000002	High	96.96485623003196	NA20340	ASW	AFR	male
NA20342	1.0902230500000003	High	85.22364217252397	NA20342	ASW	AFR	male
NA20346	1.2827634599999995	High	97.00479233226838	NA20346	ASW	AFR	male
NA20348	0.8223896399999999	Intermediate	55.5111821086262	NA20348	ASW	AFR	male
NA20351	0.5272368000000001	Intermediate	30.990415335463258	NA20351	ASW	AFR	male
NA20355	0.95559067	Intermediate	71.40575079872204	NA20355	ASW	AFR	female
NA20356	1.252466566	High	95.7667731629393	NA20356	ASW	AFR	male
NA20357	0.7971440500000001	Intermediate	53.35463258785943	NA20357	ASW	AFR	female
NA20359	0.7080242	Intermediate	46.16613418530351	NA20359	ASW	AFR	female
NA20362	0.43389475	Intermediate	25.718849840255597	NA20362	ASW	AFR	male
NA20412	0.6606828399999998	Intermediate	41.41373801916933	NA20412	ASW	AFR	female
NA20502	0.068134323	Low	9.704472843450478	NA20502	TSI	EUR	female
NA20503	0.8058921700000001	Intermediate	53.91373801916933	NA20503	TSI	EUR	female
NA20504	0.0493094	Low	8.905750798722046	NA20504	TSI	EUR	female
NA20505	0.57244916	Intermediate	34.384984025559106	NA20505	TSI	EUR	female
NA20506	0.1401228199999999	Low	12.380191693290737	NA20506	TSI	EUR	female
NA20507	0.2833197179999999	Low	18.210862619808307	NA20507	TSI	EUR	female
NA20508	0.20353863	Low	14.576677316293928	NA20508	TSI	EUR	female
NA20509	-0.4445323199999999	Low	0.4392971246006389	NA20509	TSI	EUR	male
NA20510	0.2302427099999999	Low	15.615015974440894	NA20510	TSI	EUR	male
NA20511	0.06030992	Low	9.384984025559104	NA20511	TSI	EUR	male
NA20512	-0.2734349848999999	Low	2.2364217252396164	NA20512	TSI	EUR	male
NA20513	-0.0321859399999999	Low	6.429712460063898	NA20513	TSI	EUR	male
NA20514	0.1765029099999999	Low	13.538338658146964	NA20514	TSI	EUR	female
NA20515	0.18647776	Low	13.977635782747605	NA20515	TSI	EUR	male
NA20516	0.10781676	Low	11.062300319488818	NA20516	TSI	EUR	male
NA20517	-0.0681362089999999	Low	5.830670926517572	NA20517	TSI	EUR	female
NA20518	0.04681121	Low	8.865814696485623	NA20518	TSI	EUR	male
NA20519	0.200432656	Low	14.536741214057509	NA20519	TSI	EUR	male
NA20520	0.245294471	Low	16.41373801916933	NA20520	TSI	EUR	male
NA20521	0.42836432	Intermediate	25.43929712460064	NA20521	TSI	EUR	male
NA20522	-0.096330025	Low	5.111821086261981	NA20522	TSI	EUR	female
NA20524	0.3052364796	Low	18.84984025559105	NA20524	TSI	EUR	male
NA20525	-0.1515875599999999	Low	3.793929712460064	NA20525	TSI	EUR	male
NA20527	0.3924716200000001	Intermediate	23.28274760383387	NA20527	TSI	EUR	male
NA20528	-0.0898404599999999	Low	5.231629392971246	NA20528	TSI	EUR	male
NA20529	0.3209234500000001	Low	19.8482428115016	NA20529	TSI	EUR	female
NA20530	0.00562377	Low	7.707667731629393	NA20530	TSI	EUR	female
NA20531	-0.2467892799999999	Low	2.5559105431309903	NA20531	TSI	EUR	female
NA20532	0.19195856	Low	14.217252396166131	NA20532	TSI	EUR	male
NA20533	0.092332703	Low	10.583067092651758	NA20533	TSI	EUR	female
NA20534	0.1742679399999999	Low	13.458466453674124	NA20534	TSI	EUR	male
NA20535	-0.32171101	Low	1.757188498402556	NA20535	TSI	EUR	female
NA20536	-0.0701784299999999	Low	5.7507987220447285	NA20536	TSI	EUR	male
NA20538	0.4450241009999999	Intermediate	26.557507987220447	NA20538	TSI	EUR	male
NA20539	-0.2659781999999999	Low	2.356230031948882	NA20539	TSI	EUR	male
NA20540	0.37461699	Intermediate	22.324281150159745	NA20540	TSI	EUR	female
NA20541	0.0658653109999999	Low	9.584664536741212	NA20541	TSI	EUR	female
NA20542	0.0248493199999999	Low	8.386581469648563	NA20542	TSI	EUR	female
NA20543	0.1816532899999999	Low	13.69808306709265	NA20543	TSI	EUR	male
NA20544	0.0393598	Low	8.54632587859425	NA20544	TSI	EUR	male
NA20581	0.4102729	Intermediate	24.600638977635786	NA20581	TSI	EUR	male
NA20582	0.0189304399999999	Low	8.186900958466452	NA20582	TSI	EUR	female
NA20585	-0.231599033	Low	2.7156549520766773	NA20585	TSI	EUR	female
NA20586	0.12585366	Low	11.741214057507989	NA20586	TSI	EUR	male
NA20587	0.7497633859999999	Intermediate	49.48083067092652	NA20587	TSI	EUR	female
NA20588	0.0613758689999999	Low	9.424920127795527	NA20588	TSI	EUR	male
NA20589	0.4427355000000001	Intermediate	26.39776357827476	NA20589	TSI	EUR	female
NA20752	0.012239676	Low	8.027156549520766	NA20752	TSI	EUR	male
NA20753	0.71003805	Intermediate	46.3258785942492	NA20753	TSI	EUR	female
NA20754	-0.1388085799999999	Low	3.953674121405751	NA20754	TSI	EUR	male
NA20755	0.03657481	Low	8.506389776357826	NA20755	TSI	EUR	male
NA20756	0.398602898	Intermediate	23.80191693290735	NA20756	TSI	EUR	female
NA20757	0.1789593699999999	Low	13.61821086261981	NA20757	TSI	EUR	female
NA20758	-0.12984172	Low	4.193290734824282	NA20758	TSI	EUR	male
NA20759	0.123477072	Low	11.621405750798722	NA20759	TSI	EUR	male
NA20760	-0.2450607500000001	Low	2.635782747603834	NA20760	TSI	EUR	female
NA20761	0.2725277999999999	Low	17.292332268370608	NA20761	TSI	EUR	female
NA20762	0.3986597599999999	Intermediate	23.84185303514377	NA20762	TSI	EUR	male
NA20763	-0.00280652	Low	7.507987220447284	NA20763	TSI	EUR	male
NA20764	-0.0553495399999999	Low	5.9504792332268375	NA20764	TSI	EUR	female
NA20765	0.1076733899999999	Low	11.022364217252395	NA20765	TSI	EUR	male
NA20766	0.53326249	Intermediate	31.38977635782748	NA20766	TSI	EUR	female
NA20767	-0.2872414	Low	2.116613418530352	NA20767	TSI	EUR	male
NA20768	0.05516848	Low	9.185303514376995	NA20768	TSI	EUR	female
NA20769	-0.1553679399999999	Low	3.71405750798722	NA20769	TSI	EUR	female
NA20770	0.5375362100000001	Intermediate	31.74920127795527	NA20770	TSI	EUR	male
NA20771	0.4975375999999999	Intermediate	28.91373801916933	NA20771	TSI	EUR	female
NA20772	0.4945008639999998	Intermediate	28.714057507987224	NA20772	TSI	EUR	female
NA20773	0.2829272199999999	Low	18.170926517571885	NA20773	TSI	EUR	female
NA20774	0.39474583	Intermediate	23.442492012779557	NA20774	TSI	EUR	female
NA20775	0.226906852	Low	15.415335463258788	NA20775	TSI	EUR	female
NA20778	-0.075468093	Low	5.630990415335464	NA20778	TSI	EUR	male
NA20783	-0.39077215	Low	0.9584664536741214	NA20783	TSI	EUR	male
NA20785	0.406031161	Intermediate	24.32108626198083	NA20785	TSI	EUR	male
NA20786	0.12599785	Low	11.78115015974441	NA20786	TSI	EUR	female
NA20787	-0.0776430499999999	Low	5.55111821086262	NA20787	TSI	EUR	male
NA20790	-0.4838541899999998	Low	0.3194888178913738	NA20790	TSI	EUR	female
NA20792	0.0818343799999999	Low	10.143769968051116	NA20792	TSI	EUR	male
NA20795	0.28572143	Low	18.330670926517573	NA20795	TSI	EUR	female
NA20796	-0.2933255599999999	Low	2.036741214057508	NA20796	TSI	EUR	male
NA20797	-0.02720314	Low	6.5894568690095845	NA20797	TSI	EUR	female
NA20798	0.2463391769999999	Low	16.45367412140575	NA20798	TSI	EUR	male
NA20799	0.2117453599999999	Low	14.81629392971246	NA20799	TSI	EUR	female
NA20800	0.1202211199999999	Low	11.421725239616611	NA20800	TSI	EUR	female
NA20801	-0.0092408079999999	Low	7.268370607028754	NA20801	TSI	EUR	male
NA20802	0.3306858399999999	Intermediate	20.327476038338656	NA20802	TSI	EUR	female
NA20803	-0.4908993000000001	Low	0.279552715654952	NA20803	TSI	EUR	male
NA20804	0.0870858699999999	Low	10.343450479233226	NA20804	TSI	EUR	female
NA20805	-0.0275218499999999	Low	6.549520766773163	NA20805	TSI	EUR	male
NA20806	0.25231915	Low	16.733226837060702	NA20806	TSI	EUR	male
NA20807	0.40646588	Intermediate	24.36102236421725	NA20807	TSI	EUR	female
NA20808	0.0313374299999999	Low	8.466453674121405	NA20808	TSI	EUR	female
NA20809	0.5698071299999998	Intermediate	34.105431309904155	NA20809	TSI	EUR	male
NA20810	0.2798845099999999	Low	17.85143769968051	NA20810	TSI	EUR	male
NA20811	-0.26818488	Low	2.31629392971246	NA20811	TSI	EUR	male
NA20812	-0.22688429	Low	2.8753993610223643	NA20812	TSI	EUR	male
NA20813	0.31601	Low	19.568690095846645	NA20813	TSI	EUR	female
NA20814	0.05529085	Low	9.225239616613418	NA20814	TSI	EUR	male
NA20815	0.0510630999999999	Low	8.945686900958465	NA20815	TSI	EUR	male
NA20818	0.372641117	Intermediate	22.20447284345048	NA20818	TSI	EUR	female
NA20819	0.2523161016	Low	16.69329073482428	NA20819	TSI	EUR	female
NA20821	-0.2887416639999999	Low	2.07667731629393	NA20821	TSI	EUR	female
NA20822	0.17267709	Low	13.338658146964857	NA20822	TSI	EUR	female
NA20826	-0.0806403599999999	Low	5.4712460063897765	NA20826	TSI	EUR	female
NA20827	-0.0949334199999999	Low	5.151757188498403	NA20827	TSI	EUR	male
NA20828	0.1084157999999999	Low	11.10223642172524	NA20828	TSI	EUR	female
NA20832	0.23765318	Low	15.974440894568689	NA20832	TSI	EUR	female
NA20845	0.2805231609999999	Low	17.931309904153355	NA20845	GIH	SAS	male
NA20846	0.542705991	Intermediate	32.26837060702875	NA20846	GIH	SAS	male
NA20847	1.01346882	Intermediate	78.19488817891373	NA20847	GIH	SAS	female
NA20849	0.0523014629999999	Low	9.065495207667732	NA20849	GIH	SAS	female
NA20850	0.6560075599999999	Intermediate	40.85463258785943	NA20850	GIH	SAS	male
NA20851	0.3295042999999999	Intermediate	20.247603833865817	NA20851	GIH	SAS	female
NA20852	0.44257245	Intermediate	26.357827476038334	NA20852	GIH	SAS	male
NA20853	0.83449544	Intermediate	56.94888178913738	NA20853	GIH	SAS	female
NA20854	0.750766	Intermediate	49.60063897763578	NA20854	GIH	SAS	female
NA20856	0.972960698	Intermediate	73.9217252396166	NA20856	GIH	SAS	female
NA20858	0.7929189500000001	Intermediate	52.95527156549521	NA20858	GIH	SAS	male
NA20859	0.7900543699999999	Intermediate	52.71565495207668	NA20859	GIH	SAS	female
NA20861	0.5271315699999999	Intermediate	30.95047923322684	NA20861	GIH	SAS	male
NA20862	0.27522177	Low	17.61182108626198	NA20862	GIH	SAS	female
NA20863	0.88794231	Intermediate	63.21884984025559	NA20863	GIH	SAS	male
NA20864	0.8833440300000001	Intermediate	62.65974440894568	NA20864	GIH	SAS	male
NA20866	0.3878971599999999	Intermediate	23.04313099041533	NA20866	GIH	SAS	male
NA20867	0.44593859	Intermediate	26.597444089456868	NA20867	GIH	SAS	male
NA20868	0.72584167	Intermediate	47.52396166134185	NA20868	GIH	SAS	female
NA20869	1.12153453	High	87.8594249201278	NA20869	GIH	SAS	female
NA20870	0.3417363799999999	Intermediate	20.926517571884983	NA20870	GIH	SAS	male
NA20872	0.414720969	Intermediate	24.840255591054312	NA20872	GIH	SAS	female
NA20874	0.5630990199999999	Intermediate	33.466453674121404	NA20874	GIH	SAS	female
NA20875	0.34451145	Intermediate	21.08626198083067	NA20875	GIH	SAS	female
NA20876	0.6747271300000001	Intermediate	42.53194888178914	NA20876	GIH	SAS	female
NA20877	0.6959881059999998	Intermediate	44.44888178913738	NA20877	GIH	SAS	female
NA20878	1.0032994899999998	Intermediate	76.99680511182109	NA20878	GIH	SAS	female
NA20881	0.58760683	Intermediate	35.6629392971246	NA20881	GIH	SAS	female
NA20882	0.30280945	Low	18.73003194888179	NA20882	GIH	SAS	female
NA20884	0.70342998	Intermediate	45.44728434504792	NA20884	GIH	SAS	male
NA20885	0.8812788299999998	Intermediate	62.180511182108624	NA20885	GIH	SAS	male
NA20886	0.5286599799999999	Intermediate	31.070287539936103	NA20886	GIH	SAS	female
NA20887	0.51525095	Intermediate	30.1517571884984	NA20887	GIH	SAS	male
NA20888	0.55542749	Intermediate	32.98722044728434	NA20888	GIH	SAS	female
NA20889	0.6859592999999999	Intermediate	43.49041533546325	NA20889	GIH	SAS	male
NA20890	0.59323495	Intermediate	36.06230031948881	NA20890	GIH	SAS	male
NA20891	0.996754795	Intermediate	76.19808306709265	NA20891	GIH	SAS	male
NA20892	0.380447047	Intermediate	22.64376996805112	NA20892	GIH	SAS	female
NA20894	0.36967952	Intermediate	22.044728434504798	NA20894	GIH	SAS	female
NA20895	0.5372696199999999	Intermediate	31.669329073482427	NA20895	GIH	SAS	male
NA20896	0.5699160400000001	Intermediate	34.185303514377	NA20896	GIH	SAS	female
NA20897	1.20172999	High	93.7699680511182	NA20897	GIH	SAS	male
NA20899	1.0134882399999998	Intermediate	78.23482428115017	NA20899	GIH	SAS	female
NA20900	0.5843214999999999	Intermediate	35.46325878594249	NA20900	GIH	SAS	female
NA20901	0.5363511000000001	Intermediate	31.46964856230032	NA20901	GIH	SAS	male
NA20902	0.82346504	Intermediate	55.63099041533547	NA20902	GIH	SAS	female
NA20903	0.4100236599999999	Intermediate	24.56070287539936	NA20903	GIH	SAS	male
NA20904	0.3980146328	Intermediate	23.761980830670925	NA20904	GIH	SAS	male
NA20905	0.6272625140000001	Intermediate	38.85782747603834	NA20905	GIH	SAS	male
NA20906	0.65619959	Intermediate	40.894568690095845	NA20906	GIH	SAS	female
NA20908	0.506623054	Intermediate	29.512779552715656	NA20908	GIH	SAS	female
NA20910	0.8287718100000001	Intermediate	56.349840255591054	NA20910	GIH	SAS	female
NA20911	0.5897667200000002	Intermediate	35.86261980830671	NA20911	GIH	SAS	male
NA21086	0.6695888700000002	Intermediate	42.17252396166134	NA21086	GIH	SAS	female
NA21087	0.87709695	Intermediate	61.74121405750799	NA21087	GIH	SAS	male
NA21088	0.5589182899999999	Intermediate	33.22683706070288	NA21088	GIH	SAS	female
NA21089	1.08398569	High	84.54472843450479	NA21089	GIH	SAS	female
NA21090	0.5490831	Intermediate	32.70766773162939	NA21090	GIH	SAS	male
NA21091	0.6545940299999999	Intermediate	40.65495207667731	NA21091	GIH	SAS	male
NA21092	0.45517044	Intermediate	27.11661341853035	NA21092	GIH	SAS	male
NA21093	0.90820805	Intermediate	65.93450479233228	NA21093	GIH	SAS	male
NA21094	0.4152407190000001	Intermediate	24.880191693290733	NA21094	GIH	SAS	male
NA21095	0.67402036	Intermediate	42.45207667731629	NA21095	GIH	SAS	male
NA21097	0.51939056	Intermediate	30.39137380191693	NA21097	GIH	SAS	female
NA21098	0.97087508	Intermediate	73.56230031948881	NA21098	GIH	SAS	male
NA21099	1.0275775539999998	Intermediate	79.5926517571885	NA21099	GIH	SAS	male
NA21100	0.525089899	Intermediate	30.630990415335464	NA21100	GIH	SAS	male
NA21101	0.44611971	Intermediate	26.677316293929717	NA21101	GIH	SAS	female
NA21102	1.03368249	High	80.03194888178913	NA21102	GIH	SAS	female
NA21103	0.6097601500000001	Intermediate	37.57987220447284	NA21103	GIH	SAS	female
NA21104	0.7173283099999999	Intermediate	46.88498402555911	NA21104	GIH	SAS	male
NA21105	0.9254352970000002	Intermediate	67.93130990415335	NA21105	GIH	SAS	male
NA21106	0.7827759599999998	Intermediate	51.99680511182109	NA21106	GIH	SAS	female
NA21107	0.5296959219999998	Intermediate	31.110223642172524	NA21107	GIH	SAS	male
NA21108	0.4764939050000001	Intermediate	27.835463258785943	NA21108	GIH	SAS	female
NA21109	0.61954552	Intermediate	38.2188498402556	NA21109	GIH	SAS	male
NA21110	0.5396130299999999	Intermediate	31.9888178913738	NA21110	GIH	SAS	female
NA21111	0.5064105799999999	Intermediate	29.472843450479235	NA21111	GIH	SAS	male
NA21112	1.0191602013	Intermediate	78.59424920127796	NA21112	GIH	SAS	male
NA21113	0.65788029	Intermediate	41.054313099041536	NA21113	GIH	SAS	male
NA21114	0.7164472400000002	Intermediate	46.725239616613415	NA21114	GIH	SAS	male
NA21115	0.68827046	Intermediate	43.76996805111821	NA21115	GIH	SAS	male
NA21116	0.7646232399999999	Intermediate	50.59904153354633	NA21116	GIH	SAS	male
NA21117	0.6034554999999999	Intermediate	36.9408945686901	NA21117	GIH	SAS	male
NA21118	0.7124174200000002	Intermediate	46.445686900958464	NA21118	GIH	SAS	male
NA21119	0.497974085	Intermediate	28.99361022364217	NA21119	GIH	SAS	male
NA21120	0.359736168	Intermediate	21.56549520766773	NA21120	GIH	SAS	female
NA21122	0.8254663200000001	Intermediate	55.99041533546326	NA21122	GIH	SAS	female
NA21123	0.8510447700000001	Intermediate	58.426517571884986	NA21123	GIH	SAS	male
NA21124	0.6941473899999998	Intermediate	44.32907348242812	NA21124	GIH	SAS	male
NA21125	0.61456405	Intermediate	37.93929712460064	NA21125	GIH	SAS	female
NA21126	0.90413418	Intermediate	65.53514376996804	NA21126	GIH	SAS	male
NA21127	0.3740430720000001	Intermediate	22.284345047923324	NA21127	GIH	SAS	male
NA21128	1.1742486600000002	High	92.0926517571885	NA21128	GIH	SAS	male
NA21129	0.7048269310000002	Intermediate	45.64696485623004	NA21129	GIH	SAS	male
NA21130	0.7893172099999999	Intermediate	52.51597444089457	NA21130	GIH	SAS	male
NA21133	1.0019992160000002	Intermediate	76.79712460063898	NA21133	GIH	SAS	male
NA21135	0.4513587500000001	Intermediate	26.87699680511182	NA21135	GIH	SAS	male
NA21137	0.74261453	Intermediate	49.0814696485623	NA21137	GIH	SAS	female
NA21141	0.4496034099999998	Intermediate	26.75718849840256	NA21141	GIH	SAS	female
NA21142	0.7303950200000001	Intermediate	47.8035143769968	NA21142	GIH	SAS	female
NA21143	0.51801204	Intermediate	30.35143769968051	NA21143	GIH	SAS	female
NA21144	0.901120686	Intermediate	65.13578274760383	NA21144	GIH	SAS	female
